case,length,prefix,method,phase,clock,milliseconds_blocks,milliseconds_median,milliseconds_min,milliseconds_max,p95_milliseconds_blocks,p95_milliseconds_median,p95_milliseconds_min,p95_milliseconds_max,ratio_full_blocks,ratio_full_median,ratio_full_min,ratio_full_max,ratio_recency_view_blocks,ratio_recency_view_median,ratio_recency_view_min,ratio_recency_view_max
0,2048,1024,native_full,complete,wall,"[0.037031999999999995, 0.036608, 0.036816, 0.0368, 0.0374, 0.037040000000000003, 0.037336]",0.037031999999999995,0.036608,0.0374,"[0.040195999999999996, 0.039360799999999994, 0.041383199999999995, 0.0427032, 0.040653449999999994, 0.0427912, 0.0393016]",0.040653449999999994,0.0393016,0.0427912,"[1.0, 1.0, 1.0, 1.0, 1.0, 1.0, 1.0]",1.0,1.0,1.0,"[1.072039602240653, 1.0592592592592593, 1.0648002198088244, 1.0762751520823584, 1.0819254802129137, 1.066328880700138, 1.0585316757155212]",1.066328880700138,1.0585316757155212,1.0819254802129137
0,2048,1024,native_full,complete,event,"[0.035711999982595444, 0.035551998764276505, 0.035679999738931656, 0.03532800078392029, 0.036448001861572266, 0.03625600039958954, 0.03598399832844734]",0.035711999982595444,0.03532800078392029,0.036448001861572266,"[0.03690240141004324, 0.036768000572919846, 0.03852959908545017, 0.03761599920690059, 0.037147199548780915, 0.03702399879693985, 0.037681599892675874]",0.037147199548780915,0.036768000572919846,0.03852959908545017,"[1.0, 1.0, 1.0, 1.0, 1.0, 1.0, 1.0]",1.0,1.0,1.0,"[1.081395409175062, 1.0775944779168276, 1.0783365938631784, 1.0770731893470782, 1.097831398520005, 1.0868105407399458, 1.0709523693900425]",1.0783365938631784,1.0709523693900425,1.097831398520005
1,2048,1024,recency,complete,wall,"[0.046672, 0.046152, 0.046712000000000004, 0.046256, 0.045648, 0.047175999999999996, 0.047216]",0.046672,0.045648,0.047216,"[0.04968465, 0.0508752, 0.0517264, 0.05286315, 0.0518208, 0.051821599999999995, 0.052114400000000005]",0.0518208,0.04968465,0.05286315,"[1.2603154028947938, 1.2607080419580419, 1.2687961755758366, 1.2569565217391303, 1.2205347593582887, 1.2736501079913605, 1.2646239554317549]",1.2607080419580419,1.2205347593582887,1.2736501079913605,"[1.351108023217103, 1.3354166666666667, 1.3510144466457465, 1.3528310715956948, 1.3205276556352696, 1.3581298940580375, 1.338644514693166]",1.3510144466457465,1.3205276556352696,1.3581298940580375
1,2048,1024,recency,complete,event,"[0.04424000158905983, 0.0435199998319149, 0.04366400092840195, 0.04335999861359596, 0.042927999049425125, 0.04451199993491173, 0.044704001396894455]",0.04366400092840195,0.042927999049425125,0.044704001396894455,"[0.08332640007138252, 0.046403199434280396, 0.04749599993228912, 0.04708159882575272, 0.04716800097376108, 0.04896799996495246, 0.04786879904568195]",0.04749599993228912,0.046403199434280396,0.08332640007138252,"[1.2387993282543845, 1.2241224500616499, 1.2237668511179578, 1.2273550059852658, 1.1777874466881222, 1.2277140182129869, 1.2423300209402652]",1.2273550059852658,1.1777874466881222,1.2423300209402652,"[1.339631906463442, 1.3191075924804514, 1.319632577917206, 1.3219511707576526, 1.2930120397569271, 1.334292536008068, 1.3304762794903582]",1.3219511707576526,1.2930120397569271,1.339631906463442
2,2048,1024,uniform,complete,wall,"[0.07020000000000001, 0.07084, 0.069768, 0.070488, 0.0695355, 0.071784, 0.072328]",0.070488,0.0695355,0.072328,"[0.0754768, 0.0753976, 0.0746592, 0.07933599999999999, 0.07596639999999999, 0.07714399999999999, 0.07958559999999999]",0.07596639999999999,0.0746592,0.07958559999999999,"[1.8956578094620875, 1.9350961538461537, 1.8950456323337677, 1.9154347826086955, 1.8592379679144384, 1.9380129589632829, 1.937218770087851]",1.9154347826086955,1.8592379679144384,1.9380129589632829,"[2.032220244040124, 2.0497685185185186, 2.0178450058567483, 2.0615348619560128, 2.0115569312659107, 2.06655918931368, 2.0506074309286535]",2.0497685185185186,2.0115569312659107,2.06655918931368
2,2048,1024,uniform,complete,event,"[0.06697600334882736, 0.06776000186800957, 0.06672000139951706, 0.06798399984836578, 0.0663359984755516, 0.06806399673223495, 0.0703359991312027]",0.06776000186800957,0.0663359984755516,0.0703359991312027,"[0.07092480324208736, 0.07373280264437199, 0.07072640210390091, 0.07596479691565036, 0.07192320302128791, 0.07396639697253704, 0.07680160291492939]",0.07373280264437199,0.07072640210390091,0.07680160291492939,"[1.8754481233610187, 1.905940712849496, 1.8699552098571517, 1.9243658950355615, 1.820017424480291, 1.87731674707852, 1.9546465762143557]",1.87731674707852,1.820017424480291,1.9546465762143557,"[2.028100990748591, 2.0538311874034787, 2.016441131674066, 2.0726829120366967, 1.9980722744479753, 2.0402876290325627, 2.0933333821168985]",2.0402876290325627,1.9980722744479753,2.0933333821168985
3,2048,1024,s17_p2,complete,wall,"[0.298847, 0.29980799999999996, 0.3036315, 0.29859100000000005, 0.295639, 0.3037915, 0.30842349999999996]",0.29980799999999996,0.295639,0.30842349999999996,"[0.31188940000000004, 0.3112062, 0.43275194999999994, 0.31408625, 0.3119182, 0.32429185, 0.3239902]",0.31408625,0.3112062,0.43275194999999994,"[8.0699665154461, 8.189685314685313, 8.247270208604954, 8.11388586956522, 7.904786096256683, 8.201714362850971, 8.260753696164558]",8.189685314685313,7.904786096256683,8.260753696164558,"[8.651323693314227, 8.674999999999999, 8.781695130945323, 8.732773748245204, 8.552389493172877, 8.745724896361123, 8.744269452674255]",8.732773748245204,8.552389493172877,8.781695130945323
3,2048,1024,s17_p2,complete,event,"[0.29785600304603577, 0.2980639934539795, 0.29919999837875366, 0.2972640097141266, 0.29497599601745605, 0.3025439977645874, 0.30614399909973145]",0.2980639934539795,0.29497599601745605,0.30614399909973145,"[0.3083679869771004, 0.3048815906047821, 0.3080031991004944, 0.3044720083475113, 0.2994688004255295, 0.3096175879240036, 0.31462240368127825]",0.3080031991004944,0.2994688004255295,0.31462240368127825,"[8.340501881473973, 8.38388849612251, 8.38565024013401, 8.414402262168986, 8.093063568690555, 8.34466004054911, 8.507781606295476]",8.38388849612251,8.093063568690555,8.507781606295476,"[9.019380444841921, 9.034431946892033, 9.042553517274053, 9.062927080963618, 8.884819295926855, 9.069064490960196, 9.11142886951516]",9.042553517274053,8.884819295926855,9.11142886951516
4,2048,1024,s17_p3,complete,wall,"[0.3021515, 0.3058555, 0.2989275, 0.3001195, 0.301671, 0.30594350000000003, 0.3088635]",0.3021515,0.2989275,0.3088635,"[0.44184460000000003, 0.45240624999999995, 0.31479835, 0.31052625, 0.31687505, 0.3563136, 0.33240225]",0.33240225,0.31052625,0.45240624999999995,"[8.159200151220567, 8.354881446678322, 8.119499674054758, 8.155421195652174, 8.066069518716578, 8.259813714902808, 8.272538568673665]",8.159200151220567,8.066069518716578,8.354881446678322,"[8.746985684716373, 8.849985532407407, 8.645645037671185, 8.777477187646232, 8.72688613746818, 8.807677913403962, 8.756744113519416]",8.756744113519416,8.645645037671185,8.849985532407407
4,2048,1024,s17_p3,complete,event,"[0.2977280020713806, 0.2991040050983429, 0.29923200607299805, 0.2998719960451126, 0.30001600086688995, 0.30372799932956696, 0.3072800040245056]",0.2998719960451126,0.2977280020713806,0.3072800040245056,"[0.3069823905825615, 0.30738240033388137, 0.3052784129977226, 0.3149856060743332, 0.3070608124136925, 0.3105951964855194, 0.3174128025770187]",0.30738240033388137,0.3052784129977226,0.3174128025770187,"[8.336917624789454, 8.413141749962303, 8.386547316772983, 8.488224337381718, 8.231342886952653, 8.37731674707852, 8.539351331104964]",8.386547316772983,8.231342886952653,8.539351331104964,"[9.015504446117978, 9.065955091690894, 9.043520867841359, 9.142438858957217, 9.036626673280928, 9.10455614384221, 9.145238541100875]",9.065955091690894,9.015504446117978,9.145238541100875
5,2048,1024,s17_coarsened_p2,complete,wall,"[0.297679, 0.2991595, 0.29874350000000005, 0.2995435, 0.30129550000000005, 0.3057195, 0.30750350000000004]",0.2995435,0.297679,0.30750350000000004,"[0.31194544999999996, 0.3131872, 0.31190305, 0.3185448, 0.44718539999999996, 0.3248408, 0.3289718]",0.3185448,0.31190305,0.44718539999999996,"[8.038426225966733, 8.171970607517483, 8.114501847023034, 8.13976902173913, 8.056029411764706, 8.253766198704103, 8.236112599100066]",8.13976902173913,8.038426225966733,8.253766198704103,"[8.61751125392621, 8.656235532407408, 8.640323350349238, 8.760631141787552, 8.716023489932887, 8.80122927222478, 8.718186070907109]",8.716023489932887,8.61751125392621,8.80122927222478
5,2048,1024,s17_coarsened_p2,complete,event,"[0.2969920039176941, 0.29868799448013306, 0.2980320006608963, 0.29865600168704987, 0.3001600056886673, 0.3031359910964966, 0.3063039928674698]",0.29868799448013306,0.2969920039176941,0.3063039928674698,"[0.30312161296606066, 0.3050495907664299, 0.30549600124359133, 0.3048400104045868, 0.3047503888607025, 0.30822560638189317, 0.3178159907460213]",0.3050495907664299,0.30312161296606066,0.3178159907460213,"[8.31630835748308, 8.401440280771551, 8.352914877846915, 8.453804207991997, 8.235293853107787, 8.360988188314574, 8.512227853938052]",8.360988188314574,8.235293853107787,8.512227853938052,"[8.993217679066403, 9.053345653107424, 9.007253778206511, 9.10536586041769, 9.040964167980523, 9.08681009406246, 9.116190588962874]",9.053345653107424,8.993217679066403,9.116190588962874
6,2048,1024,s29_p2,complete,wall,"[0.298904, 0.3010235, 0.2978715, 0.2995835, 0.29557500000000003, 0.3045915, 0.3083595]",0.2995835,0.29557500000000003,0.3083595,"[0.31820699999999996, 0.31408539999999996, 0.31056795, 0.320056, 0.31081105, 0.32540874999999997, 0.32867040000000003]",0.31820699999999996,0.31056795,0.32867040000000003,"[8.071505724778572, 8.222888439685315, 8.090816492829205, 8.14085597826087, 7.903074866310161, 8.2233126349892, 8.259039532890508]",8.14085597826087,7.903074866310161,8.259039532890508,"[8.652973786674773, 8.710170717592593, 8.615103179997398, 8.761801006083294, 8.55053806989123, 8.768755757715338, 8.742454956551324]",8.710170717592593,8.55053806989123,8.768755757715338
6,2048,1024,s29_p2,complete,event,"[0.2977280020713806, 0.29872000217437744, 0.29712000489234924, 0.29900801181793213, 0.29577600955963135, 0.30294400453567505, 0.30694399774074554]",0.29872000217437744,0.29577600955963135,0.30694399774074554,"[0.3049919977784157, 0.3042479991912842, 0.30463198870420455, 0.3054400011897087, 0.3019920110702515, 0.31133600771427156, 0.3136735901236534]",0.3049919977784157,0.3019920110702515,0.3136735901236534,"[8.336917624789454, 8.40234058723411, 8.327354458137833, 8.463768262653206, 8.115013017256041, 8.35569288384895, 8.53001367271878]",8.35569288384895,8.115013017256041,8.53001367271878,"[9.015504446117978, 9.054315818379912, 8.979691042279704, 9.116097876550468, 8.908916089742245, 9.081055101352796, 9.135238353727635]",9.054315818379912,8.908916089742245,9.135238353727635
7,2048,1024,s29_p3,complete,wall,"[0.3004795, 0.3006635, 0.2981195, 0.30001500000000003, 0.297847, 0.306511, 0.309376]",0.3004795,0.297847,0.309376,"[0.31518955, 0.31491675, 0.3144734, 0.31213035, 0.31077995, 0.32394779999999995, 0.36780319999999994]",0.31491675,0.31077995,0.36780319999999994,"[8.11405001080147, 8.213054523601398, 8.09755269448066, 8.152581521739132, 7.963823529411763, 8.275134989200863, 8.286265266766659]",8.152581521739132,7.963823529411763,8.286265266766659,"[8.698582946140375, 8.699754050925925, 8.622275888996544, 8.77442091717361, 8.616263596389723, 8.824015430677106, 8.77127425825383]",8.699754050925925,8.616263596389723,8.824015430677106
7,2048,1024,s29_p3,complete,event,"[0.298784002661705, 0.2991359978914261, 0.2979840040206909, 0.29948800802230835, 0.29708799719810486, 0.304736003279686, 0.3083200007677078]",0.2991359978914261,0.29708799719810486,0.3083200007677078,"[0.3041216120123863, 0.3062256067991257, 0.3042560130357742, 0.30631360709667205, 0.30404799729585646, 0.41665761172771454, 0.3177727907896042]",0.3062256067991257,0.30404799729585646,0.41665761172771454,"[8.366487533807124, 8.414041637287777, 8.3515696805219, 8.477355111433925, 8.151009164409906, 8.405119150515453, 8.568252976044738]",8.405119150515453,8.151009164409906,8.568252976044738,"[9.047481209979411, 9.06692480530357, 9.005803202704978, 9.130731907099893, 8.948433790313505, 9.134772088955375, 9.176190826228396]",9.06692480530357,8.948433790313505,9.176190826228396
8,2048,1024,s29_coarsened_p2,complete,wall,"[0.2994555, 0.300647, 0.29872750000000003, 0.3005995, 0.2960555, 0.304591, 0.307232]",0.3005995,0.2960555,0.307232,"[0.3132734, 0.31139995, 0.31359665000000003, 0.35437359999999996, 0.31275755, 0.32664780000000004, 0.3294894]",0.31359665000000003,0.31139995,0.35437359999999996,"[8.086398250162024, 8.212603802447552, 8.114067253368102, 8.168464673913045, 7.915922459893048, 8.223299136069114, 8.228840797085923]",8.168464673913045,7.915922459893048,8.228840797085923,"[8.668939163663207, 8.69927662037037, 8.639860594929939, 8.791515559195133, 8.564438208747976, 8.768741363426992, 8.710488638135606]",8.69927662037037,8.564438208747976,8.791515559195133
8,2048,1024,s29_coarsened_p2,complete,event,"[0.2977599948644638, 0.2990399897098541, 0.2980960011482239, 0.2985920011997223, 0.2956799864768982, 0.30316801369190216, 0.3054559975862503]",0.2985920011997223,0.2956799864768982,0.3054559975862503,"[0.30471200942993165, 0.3058192029595375, 0.3036048084497452, 0.3049151971936226, 0.3028191953897476, 0.31041280925273895, 0.3137392044067383]",0.3049151971936226,0.3028191953897476,0.3137392044067383,"[8.337813480330974, 8.411341137037185, 8.354708613491418, 8.451992600034925, 8.11237849470806, 8.361871424056316, 8.488661954632496]",8.361871424056316,8.11237849470806,8.488661954632496,"[9.016473220187862, 9.06401476114592, 9.009188028991694, 9.10341462605752, 8.906023828168962, 9.087770003976546, 9.09095263326478]",9.06401476114592,8.906023828168962,9.10341462605752
9,2048,1024,s43_p2,complete,wall,"[0.299255, 0.3038235, 0.3030315, 0.300855, 0.304432, 0.3050395, 0.306735]",0.3038235,0.299255,0.306735,"[0.3143038, 0.45308955, 0.4418438, 0.35305515, 0.44321354999999996, 0.32304875, 0.3302958]",0.35305515,0.3143038,0.45308955,"[8.080984013825882, 8.299374453671328, 8.23097294654498, 8.175407608695652, 8.139893048128341, 8.235407667386609, 8.215529247910863]",8.215529247910863,8.080984013825882,8.299374453671328,"[8.663134887894973, 8.791189236111112, 8.764341802721582, 8.798988067384183, 8.806757694978014, 8.7816530400737, 8.69639794168096]",8.7816530400737,8.663134887894973,8.806757694978014
9,2048,1024,s43_p2,complete,event,"[0.2990719974040985, 0.2988640069961548, 0.30051200091838837, 0.29838401079177856, 0.30081599950790405, 0.3035840094089508, 0.3054240047931671]",0.30051200091838837,0.29838401079177856,0.3054240047931671,"[0.3066031888127327, 0.30695841163396836, 0.30614399164915085, 0.3042864128947258, 0.3109440118074417, 0.3101728066802025, 0.31564958989620207]",0.30695841163396836,0.3042864128947258,0.31564958989620207,"[8.374551902717682, 8.406391128041456, 8.422421612029597, 8.446105190520418, 8.253291926684721, 8.373345268729304, 8.487772870746065]",8.406391128041456,8.253291926684721,8.487772870746065,"[9.056201981497182, 9.058680658786482, 9.082205433195616, 9.097073455114739, 9.060723018266154, 9.100239899309962, 9.090000466770022]",9.082205433195616,9.056201981497182,9.100239899309962
10,2048,1024,s43_p3,complete,wall,"[0.2999275, 0.2998475, 0.298375, 0.3031835, 0.2979355, 0.305056, 0.308551]",0.2999275,0.2979355,0.308551,"[0.31572785000000003, 0.31489835, 0.3132566, 0.32085195, 0.31205835000000004, 0.32608475, 0.33351179999999997]",0.31572785000000003,0.31205835000000004,0.33351179999999997,"[8.099143983581769, 8.190764313811188, 8.104492611907865, 8.238682065217391, 7.966189839572192, 8.23585313174946, 8.264168630812085]",8.190764313811188,7.966189839572192,8.264168630812085,"[8.682603094648778, 8.676142939814815, 8.62966551459849, 8.867088792700047, 8.618823767646377, 8.782128051589128, 8.74788426916916]",8.682603094648778,8.618823767646377,8.867088792700047
10,2048,1024,s43_p3,complete,event,"[0.29891200363636017, 0.298335999250412, 0.29791998863220215, 0.3015199899673462, 0.29759998619556427, 0.3035999983549118, 0.30556799471378326]",0.29891200363636017,0.29759998619556427,0.30556799471378326,"[0.30528160035610197, 0.30361280888319014, 0.3033055990934372, 0.31178878992795944, 0.3032848134636879, 0.3090303912758827, 0.315871998667717]",0.30528160035610197,0.3032848134636879,0.315871998667717,"[8.370071790491643, 8.391539424505918, 8.349775527243953, 8.534872715033014, 8.165056271831704, 8.37378627010245, 8.491774369392822]",8.37378627010245,8.165056271831704,8.534872715033014,"[9.051357208703354, 9.04267654506893, 9.003868501570368, 9.192682575851965, 8.963855145899538, 9.100719184250778, 9.094285881226876]",9.051357208703354,8.963855145899538,9.192682575851965
11,2048,1024,s43_coarsened_p2,complete,wall,"[0.298576, 0.300632, 0.30080799999999996, 0.30050299999999996, 0.29712, 0.305792, 0.3088555]",0.300632,0.29712,0.3088555,"[0.30986955, 0.31635585, 0.32250799999999996, 0.31651755000000004, 0.3113792, 0.4490374, 0.33092065]",0.31651755000000004,0.30986955,0.4490374,"[8.062648520198747, 8.212194055944057, 8.170578009561059, 8.165842391304347, 7.944385026737967, 8.25572354211663, 8.27232429826441]",8.170578009561059,7.944385026737967,8.27232429826441,"[8.643478512600057, 8.698842592592593, 8.700033260545762, 8.788693261581656, 8.595232585049757, 8.803316444035007, 8.756517301504047]",8.700033260545762,8.595232585049757,8.803316444035007
11,2048,1024,s43_coarsened_p2,complete,event,"[0.29897600412368774, 0.2996959984302521, 0.2990240007638931, 0.2996160089969635, 0.29633599519729614, 0.3054719865322113, 0.3051680028438568]",0.2996160089969635,0.29633599519729614,0.3054719865322113,"[0.3058287963271141, 0.3056224092841148, 0.30416479855775835, 0.30631040781736374, 0.4419088080525398, 0.31227040737867356, 0.3143151938915253]",0.30631040781736374,0.30416479855775835,0.4419088080525398,"[8.371863918833903, 8.429793228148785, 8.380717571519988, 8.480978327348067, 8.130376977118411, 8.425418776630133, 8.480658543233774]",8.425418776630133,8.130376977118411,8.480978327348067,"[9.053295208065325, 9.0838986326338, 9.037234440202154, 9.134634375820232, 8.925783127284756, 9.156833936589887, 9.082381360864117]",9.082381360864117,8.925783127284756,9.156833936589887
12,2048,1024,recency_view,complete,wall,"[0.0345435, 0.03456, 0.034575499999999995, 0.034192, 0.034568, 0.034736, 0.0352715]",0.034568,0.034192,0.0352715,"[0.03604714999999999, 0.0378824, 0.03748705, 0.040384, 0.0392096, 0.0379912, 0.0365]",0.0378824,0.03604714999999999,0.040384,"[0.932801360985094, 0.9440559440559441, 0.9391433072577139, 0.9291304347826087, 0.9242780748663101, 0.9377969762419006, 0.9447048425112491]",0.9377969762419006,0.9242780748663101,0.9447048425112491,"[1.0, 1.0, 1.0, 1.0, 1.0, 1.0, 1.0]",1.0,1.0,1.0
12,2048,1024,recency_view,complete,event,"[0.03302399814128876, 0.03299200162291527, 0.03308799862861633, 0.03280000016093254, 0.03319999948143959, 0.03336000069975853, 0.03359999880194664]",0.03308799862861633,0.03280000016093254,0.03359999880194664,"[0.03475840017199516, 0.03459999896585941, 0.03492320124059915, 0.03469599951058626, 0.03688640128821134, 0.03545120097696781, 0.03702399861067533]",0.03492320124059915,0.03459999896585941,0.03702399861067533,"[0.924731131199129, 0.927992877184346, 0.9273542284394385, 0.9284420129389722, 0.9108866820060966, 0.9201235749141321, 0.9337483426733038]",0.9273542284394385,0.9108866820060966,0.9337483426733038,"[1.0, 1.0, 1.0, 1.0, 1.0, 1.0, 1.0]",1.0,1.0,1.0
13,2048,1536,native_full,complete,wall,"[0.0383515, 0.038312, 0.038256, 0.03692, 0.037576, 0.037711999999999996, 0.038472]",0.038256,0.03692,0.038472,"[0.04279355, 0.0394752, 0.042064, 0.043509549999999994, 0.0406592, 0.039457599999999995, 0.04125599999999999]",0.04125599999999999,0.039457599999999995,0.043509549999999994,"[1.0, 1.0, 1.0, 1.0, 1.0, 1.0, 1.0]",1.0,1.0,1.0,"[1.1263950892857142, 1.1139799953477554, 1.1113176853358122, 1.0767615492300513, 1.0928338762214984, 1.0769933744573907, 1.0962089156729495]",1.0962089156729495,1.0767615492300513,1.1263950892857142
13,2048,1536,native_full,complete,event,"[0.0363520011305809, 0.03649599850177765, 0.03739199973642826, 0.03665599972009659, 0.03593600168824196, 0.03657599911093712, 0.03734400123357773]",0.03657599911093712,0.03593600168824196,0.03739199973642826,"[0.0387488005682826, 0.03712799958884716, 0.03969280011951923, 0.07636639997363084, 0.036961598321795464, 0.03769119996577501, 0.03916960023343563]",0.0387488005682826,0.036961598321795464,0.07636639997363084,"[1.0, 1.0, 1.0, 1.0, 1.0, 1.0, 1.0]",1.0,1.0,1.0,"[1.115913643613344, 1.1083575450419236, 1.137779911114013, 1.1148418145245078, 1.0881784069419633, 1.092212054530647, 1.114613157576969]",1.114613157576969,1.0881784069419633,1.137779911114013
14,2048,1536,recency,complete,wall,"[0.0464, 0.046536, 0.0464, 0.0460555, 0.045776, 0.047128, 0.047568]",0.0464,0.045776,0.047568,"[0.05134799999999999, 0.0492128, 0.048768, 0.05240635, 0.051142349999999996, 0.05202, 0.052224799999999995]",0.05134799999999999,0.048768,0.05240635,"[1.209861413504035, 1.2146585926080602, 1.2128816394813886, 1.247440411700975, 1.2182243985522674, 1.2496817988969031, 1.2364316905801622]",1.2182243985522674,1.209861413504035,1.2496817988969031,"[1.362781954887218, 1.353105373342638, 1.3478968161747618, 1.343195870275315, 1.3313168915774778, 1.345899017591958, 1.3553874428345514]",1.3478968161747618,1.3313168915774778,1.362781954887218
14,2048,1536,recency,complete,event,"[0.043935999274253845, 0.04376000165939331, 0.04399999976158142, 0.04366400092840195, 0.04334399849176407, 0.04465600103139877, 0.04505600035190582]",0.043935999274253845,0.04334399849176407,0.04505600035190582,"[0.048881599493324754, 0.046676801145076746, 0.04762240089476108, 0.0466112008318305, 0.0455520000308752, 0.04842719919979572, 0.04857120048254728]",0.04762240089476108,0.0455520000308752,0.048881599493324754,"[1.2086267030095614, 1.1990356054311502, 1.1767222954571075, 1.1911829239911096, 1.2061441578222645, 1.2209099441399958, 1.206512394590269]",1.2061441578222645,1.1767222954571075,1.2209099441399958,"[1.348723027923783, 1.3289601600535261, 1.3388509887310651, 1.3279805324128573, 1.3125000282013877, 1.3334925584860424, 1.34479458979001]",1.3334925584860424,1.3125000282013877,1.348723027923783
15,2048,1536,uniform,complete,wall,"[0.07011200000000001, 0.07058400000000001, 0.070552, 0.07116, 0.069912, 0.071744, 0.072192]",0.07058400000000001,0.069912,0.072192,"[0.0766728, 0.077384, 0.0771096, 0.076908, 0.12188864999999996, 0.07602639999999998, 0.079996]",0.0771096,0.07602639999999998,0.12188864999999996,"[1.8281423151636838, 1.842347045312174, 1.8442074445838563, 1.9274106175514625, 1.8605492867787952, 1.9024183283835387, 1.8764815970056146]",1.8605492867787952,1.8281423151636838,1.9274106175514625,"[2.0592105263157894, 2.0523377529658062, 2.0495003485940044, 2.075361642557163, 2.0332712889716147, 2.048891935115376, 2.0570158567337695]",2.0523377529658062,2.0332712889716147,2.075361642557163
15,2048,1536,uniform,complete,event,"[0.06652799993753433, 0.06718399748206139, 0.0666240006685257, 0.06814399734139442, 0.06667200103402138, 0.06884800270199776, 0.07041599974036217]",0.06718399748206139,0.06652799993753433,0.07041599974036217,"[0.07036319933831692, 0.07120159827172756, 0.07100959680974483, 0.07343040034174919, 0.13951999917626376, 0.07382560260593891, 0.07632800005376339]",0.07343040034174919,0.07036319933831692,0.13951999917626376,"[1.830105575166481, 1.8408592788272113, 1.7817715323638832, 1.8590134728758905, 1.8552982497169699, 1.8823273287266271, 1.8856040438711175]",1.8552982497169699,1.7817715323638832,1.8856040438711175,"[2.0422397805811228, 2.040330271048574, 2.0272638557184575, 2.0725059533264645, 2.018895493779225, 2.0559005990076944, 2.101719077279088]",2.0422397805811228,2.018895493779225,2.101719077279088
16,2048,1536,s17_p2,complete,wall,"[0.306432, 0.3057115, 0.30896, 0.30332749999999997, 0.30083899999999997, 0.31541600000000003, 0.312712]",0.306432,0.30083899999999997,0.31541600000000003,"[0.3191784, 0.32094235, 0.45813105, 0.3175038, 0.31435515, 0.4646, 0.336135]",0.32094235,0.31435515,0.4646,"[7.990091652216993, 7.979523386928379, 8.07611877875366, 8.215804442036836, 8.006147540983607, 8.363809927874419, 8.12830110210023]",8.07611877875366,7.979523386928379,8.363809927874419,"[8.999999999999998, 8.889029425447779, 8.975133627701604, 8.846462319178722, 8.749389250814332, 9.007767877541696, 8.910316137396531]",8.910316137396531,8.749389250814332,9.007767877541696
16,2048,1536,s17_p2,complete,event,"[0.3028640002012253, 0.30296000838279724, 0.30318400263786316, 0.3020000010728836, 0.2993760108947754, 0.3087199926376343, 0.3102560043334961]",0.30296000838279724,0.2993760108947754,0.3102560043334961,"[0.31933280974626543, 0.30847838819026946, 0.3106047883629799, 0.3086271956562996, 0.30672958940267564, 0.31773281246423724, 0.3202607870101929]",0.3106047883629799,0.30672958940267564,0.3202607870101929,"[8.331425802758428, 8.301184261831901, 8.108258578705899, 8.238760458831862, 8.330810241272038, 8.440507440446636, 8.308054683078002]",8.308054683078002,8.108258578705899,8.440507440446636,"[9.297151724050389, 9.20068020938466, 9.225413724969432, 9.18491465935688, 9.065407816883202, 9.218823972811434, 9.260267063627698]",9.218823972811434,9.065407816883202,9.297151724050389
17,2048,1536,s17_p3,complete,wall,"[0.3016955, 0.30457500000000004, 0.302967, 0.303759, 0.3023355, 0.3089995, 0.3123995]",0.303759,0.3016955,0.3123995,"[0.31729755, 0.320403, 0.31734315, 0.318007, 0.44443099999999996, 0.328175, 0.3338406]",0.320403,0.31729755,0.44443099999999996,"[7.866589312021695, 7.949859051994155, 7.919463613550816, 8.22749187432286, 8.045973493719394, 8.193665146372508, 8.120178311499272]",8.045973493719394,7.866589312021695,8.22749187432286,"[8.860887570488721, 8.855983949755759, 8.80103997211248, 8.859046896873542, 8.792912401116798, 8.824523075165638, 8.90141186191962]",8.855983949755759,8.792912401116798,8.90141186191962
17,2048,1536,s17_p3,complete,event,"[0.3012479990720749, 0.30323199927806854, 0.301503986120224, 0.3017120063304901, 0.2993600070476532, 0.3070880025625229, 0.3107199966907501]",0.3017120063304901,0.2993600070476532,0.3107199966907501,"[0.3105264022946358, 0.30919519215822217, 0.3080848053097725, 0.30856961011886597, 0.307091212272644, 0.3131232067942619, 0.3186080038547516]",0.30919519215822217,0.307091212272644,0.3186080038547516,"[8.286971547727308, 8.308636884213449, 8.06332873998421, 8.230903771124732, 8.330364898263069, 8.395888288139641, 8.32047949943209]",8.308636884213449,8.06332873998421,8.395888288139641,"[9.247544614344495, 9.208940379631596, 9.174293457062301, 9.17615569537731, 9.064923204237157, 9.170090396798797, 9.27411592741644]",9.17615569537731,9.064923204237157,9.27411592741644
18,2048,1536,s17_coarsened_p2,complete,wall,"[0.3063515, 0.3041515, 0.30286349999999995, 0.3033595, 0.3018235, 0.30935100000000004, 0.313655]",0.3041515,0.3018235,0.313655,"[0.420643, 0.3193512, 0.3185734, 0.32224699999999995, 0.3159582, 0.35933339999999997, 0.33280795]",0.32224699999999995,0.3159582,0.420643,"[7.987992646962962, 7.9388050741282115, 7.916758155583437, 8.216671180931744, 8.032347775175644, 8.202985787017397, 8.152812435017676]",8.032347775175644,7.916758155583437,8.216671180931744,"[8.997635690789473, 8.843670039544081, 8.798033348826399, 8.847395590293981, 8.778021754304328, 8.834561343385882, 8.937185679075665]",8.843670039544081,8.778021754304328,8.997635690789473
18,2048,1536,s17_coarsened_p2,complete,event,"[0.30404800176620483, 0.30291199684143066, 0.3019839972257614, 0.30163200199604034, 0.29873600602149963, 0.3067519962787628, 0.3118879944086075]",0.30291199684143066,0.29873600602149963,0.3118879944086075,"[0.3140847995877266, 0.3090624138712883, 0.3085327878594398, 0.3081936061382294, 0.3061856061220169, 0.31901599317789076, 0.31936158835887907]",0.3090624138712883,0.3061856061220169,0.31936158835887907,"[8.363996267331382, 8.299868732915375, 8.076166007552699, 8.228721199784141, 8.31300066749619, 8.386701764410216, 8.351756215350981]",8.31300066749619,8.076166007552699,8.386701764410216,"[9.333497549846173, 9.199222132984307, 9.188899442215323, 9.173722473583636, 9.046027823263483, 9.160056764842285, 9.308977366505435]",9.188899442215323,9.046027823263483,9.333497549846173
19,2048,1536,s29_p2,complete,wall,"[0.304847, 0.3080395, 0.30344, 0.3035995, 0.3058075, 0.30988, 0.3142475]",0.3058075,0.30344,0.3142475,"[0.31816465, 0.45243505, 0.3181582, 0.317216, 0.31889114999999996, 0.33256385, 0.33293195000000003]",0.31889114999999996,0.317216,0.45243505,"[7.948763412122082, 8.040287638337858, 7.931827687160184, 8.223171722643555, 8.13837289759421, 8.217013152312262, 8.168213245997089]",8.13837289759421,7.931827687160184,8.223171722643555,"[8.95344807330827, 8.956719585950221, 8.814780385777365, 8.854395123658424, 8.893889599813868, 8.849668722869545, 8.954068185379892]",8.893889599813868,8.814780385777365,8.956719585950221
19,2048,1536,s29_p2,complete,event,"[0.30294400453567505, 0.3028479963541031, 0.3035999983549118, 0.30191999673843384, 0.3012000024318695, 0.30795200169086456, 0.3112799972295761]",0.30294400453567505,0.3012000024318695,0.3112799972295761,"[0.30915679931640627, 0.31059838831424713, 0.30917441248893734, 0.30893281251192095, 0.30865278840065, 0.31491041332483294, 0.3212720066308975]",0.30917441248893734,0.30865278840065,0.3212720066308975,"[8.333626626150856, 8.29811510265576, 8.119383838654041, 8.236577887491272, 8.381566904545764, 8.419510312126494, 8.335475228875309]",8.333626626150856,8.119383838654041,8.419510312126494,"[9.299607652901184, 9.197278483654848, 9.238071822244349, 9.182481437563206, 9.120640121866092, 9.195890656149649, 9.290830364761318]",9.197278483654848,9.120640121866092,9.299607652901184
20,2048,1536,s29_p3,complete,wall,"[0.30468700000000004, 0.30823100000000003, 0.30469599999999997, 0.3050395, 0.301479, 0.31060750000000004, 0.3136075]",0.3050395,0.301479,0.3136075,"[0.31904385, 0.46084620000000004, 0.32084065, 0.44469425, 0.3179078, 0.32838379999999995, 0.33383025]",0.32838379999999995,0.3179078,0.46084620000000004,"[7.944591476213448, 8.045286072248905, 7.964659138435801, 8.26217497291441, 8.023179689163296, 8.236304094187528, 8.15157777084633]",8.045286072248905,7.944591476213448,8.26217497291441,"[8.948748825187971, 8.962287741335196, 8.8512665582152, 8.896392323845077, 8.768002559329922, 8.87044493945625, 8.935832229203173]",8.896392323845077,8.768002559329922,8.962287741335196
20,2048,1536,s29_p3,complete,event,"[0.30456000566482544, 0.30420801043510437, 0.30369600653648376, 0.30156800150871277, 0.3004319965839386, 0.3081440031528473, 0.3123999983072281]",0.30420801043510437,0.3004319965839386,0.3123999983072281,"[0.31077600419521334, 0.31144960820674894, 0.31130240857601166, 0.3113503873348236, 0.3075376018881798, 0.3143647938966751, 0.3188399985432625]",0.3113503873348236,0.3075376018881798,0.3188399985432625,"[8.378080881181976, 8.335379847746514, 8.121951451572546, 8.226975224014382, 8.360195416014745, 8.424759696057208, 8.365466687761748]",8.360195416014745,8.121951451572546,8.424759696057208,"[9.349214762607076, 9.23858114504025, 9.24099320064254, 9.171775986788363, 9.097384129522432, 9.201624096557634, 9.324259239451072]",9.23858114504025,9.097384129522432,9.349214762607076
21,2048,1536,s29_coarsened_p2,complete,wall,"[0.303407, 0.30442349999999996, 0.304767, 0.3034, 0.301007, 0.3095595, 0.31324799999999997]",0.30442349999999996,0.301007,0.31324799999999997,"[0.31697585, 0.31837115, 0.31886000000000003, 0.317616, 0.3151894, 0.32882540000000005, 0.33276625]",0.31837115,0.3151894,0.33276625,"[7.91121598894437, 7.945904677385674, 7.966515056461732, 8.217768147345613, 8.010618479880776, 8.20851453118371, 8.14223331253899]",8.010618479880776,7.91121598894437,8.217768147345613,"[8.911154840225564, 8.851578855547801, 8.85332907273995, 8.84857676154923, 8.754275244299675, 8.84051576422207, 8.925588750694532]",8.851578855547801,8.754275244299675,8.925588750694532
21,2048,1536,s29_coarsened_p2,complete,event,"[0.30507200956344604, 0.3033120036125183, 0.30345599353313446, 0.3028479963541031, 0.30008000135421753, 0.30750399827957153, 0.31168000400066376]",0.30345599353313446,0.30008000135421753,0.31168000400066376,"[0.46309919506311414, 0.30916800647974013, 0.3096720024943352, 0.30836638659238813, 0.30659518837928773, 0.3136192038655281, 0.31888959258794786]",0.3096720024943352,0.30659518837928773,0.46309919506311414,"[8.39216549503257, 8.310829024111905, 8.115532618532294, 8.261894332895993, 8.350400357767176, 8.407261749621497, 8.346186635202276]",8.346186635202276,8.115532618532294,8.407261749621497,"[9.36493197536798, 9.211370054427839, 9.233689981356546, 9.210705269495515, 9.086725358642688, 9.182512628531018, 9.30276943918951]",9.211370054427839,9.086725358642688,9.36493197536798
22,2048,1536,s43_p2,complete,wall,"[0.3014075, 0.3039595, 0.302976, 0.306504, 0.30414399999999997, 0.309407, 0.31248699999999996]",0.30414399999999997,0.3014075,0.31248699999999996,"[0.31450874999999995, 0.31831505000000004, 0.3192414, 0.44761979999999996, 0.3208086, 0.3593704, 0.33475194999999996]",0.3208086,0.31450874999999995,0.44761979999999996,"[7.859079827386152, 7.933793589475882, 7.919698870765371, 8.30184182015168, 8.094102618692782, 8.204470725498515, 8.122452692867538]",8.094102618692782,7.859079827386152,8.30184182015168,"[8.85242892387218, 8.838087345894394, 8.801301417615619, 8.93910405972935, 8.845509539320615, 8.836160612291524, 8.903905059053153]",8.845509539320615,8.801301417615619,8.93910405972935
22,2048,1536,s43_p2,complete,event,"[0.3006720095872879, 0.3030720055103302, 0.3018079996109009, 0.30401599407196045, 0.30427201092243195, 0.30715200304985046, 0.31217600405216217]",0.30401599407196045,0.3006720095872879,0.31217600405216217,"[0.3099903896450996, 0.31022241413593293, 0.30923199355602266, 0.3100911915302277, 0.31926400810480116, 0.3135519877076149, 0.4439663887023926]",0.31022241413593293,0.30923199355602266,0.4439663887023926,"[8.271126767058481, 8.304253012712289, 8.071459182132793, 8.293758085808916, 8.467052444011541, 8.397638082783212, 8.35946855559415]",8.304253012712289,8.071459182132793,8.467052444011541,"[9.229863207416091, 9.20408148257679, 9.183544110807434, 9.24622831361052, 9.213663640018536, 9.172001543601457, 9.317573642416182]",9.213663640018536,9.172001543601457,9.317573642416182
23,2048,1536,s43_p3,complete,wall,"[0.303664, 0.305543, 0.30395099999999997, 0.3036235, 0.300919, 0.310199, 0.31184]",0.30395099999999997,0.300919,0.31184,"[0.32169905, 0.317715, 0.31952234999999996, 0.31817825, 0.32034314999999997, 0.3309512, 0.3288704]",0.32034314999999997,0.317715,0.3309512,"[7.9179171609976144, 7.975125287116309, 7.945185069008782, 8.223821776814734, 8.008276559506069, 8.225471998302929, 8.10563526720732]",8.008276559506069,7.9179171609976144,8.225471998302929,"[8.918703007518797, 8.884130030239591, 8.829624680455495, 8.855095076994868, 8.751715914378781, 8.85877884395705, 8.885469647105754]",8.85877884395705,8.751715914378781,8.918703007518797
23,2048,1536,s43_p3,complete,event,"[0.3020800054073334, 0.3030720055103302, 0.3033279925584793, 0.30164800584316254, 0.3001919984817505, 0.3074079900979996, 0.31064000725746155]",0.3030720055103302,0.3001919984817505,0.31064000725746155,"[0.30988639742136004, 0.3123743936419487, 0.31056638807058334, 0.30658720135688783, 0.3073823943734169, 0.313332787156105, 0.31867040395736695]",0.31056638807058334,0.30658720135688783,0.31867040395736695,"[8.309859045234525, 8.304253012712289, 8.112109400315632, 8.229157795354972, 8.353516929513377, 8.404636853954786, 8.318337537386077]",8.309859045234525,8.112109400315632,8.404636853954786,"[9.273085085080965, 9.20408148257679, 9.229795112438268, 9.174209208582035, 9.090116744720588, 9.179645685841951, 9.271728468336924]",9.20408148257679,9.090116744720588,9.273085085080965
24,2048,1536,s43_coarsened_p2,complete,wall,"[0.30072699999999997, 0.30664749999999996, 0.30194350000000003, 0.304056, 0.309527, 0.310608, 0.31337499999999996]",0.30664749999999996,0.30072699999999997,0.31337499999999996,"[0.31621355, 0.38753184999999996, 0.3170438, 0.31995680000000004, 0.43914315, 0.32968959999999997, 0.33285675]",0.32968959999999997,0.31621355,0.43914315,"[7.84133606247474, 8.003954374608478, 7.89270964031786, 8.235536294691224, 8.237358952522888, 8.236317352566823, 8.145534414639217]",8.145534414639217,7.84133606247474,8.237358952522888,"[8.832442434210526, 8.916245056989997, 8.771307808505696, 8.867708819412039, 9.002064913913449, 8.870459218642907, 8.929207448248349]",8.870459218642907,8.771307808505696,9.002064913913449
24,2048,1536,s43_coarsened_p2,complete,event,"[0.299904003739357, 0.30428799986839294, 0.3020319938659668, 0.30297599732875824, 0.3051519989967346, 0.3093919903039932, 0.31193599104881287]",0.30428799986839294,0.299904003739357,0.31193599104881287,"[0.3074015945196152, 0.4309120088815689, 0.3118559971451759, 0.3106271892786026, 0.32089119255542753, 0.317271988093853, 0.3219216004014015]",0.317271988093853,0.3074015945196152,0.4309120088815689,"[8.24999984628259, 8.337571579349218, 8.077449614755944, 8.265386284435511, 8.491540089630464, 8.458880080502775, 8.353041472383433]",8.337571579349218,8.077449614755944,8.491540089630464,"[9.206287388274735, 9.241010367298813, 9.190359904704936, 9.214598243086064, 9.240310567217895, 9.238890791754303, 9.310409930904674]",9.238890791754303,9.190359904704936,9.310409930904674
25,2048,1536,recency_view,complete,wall,"[0.034048, 0.034392, 0.034423999999999996, 0.034288, 0.034384, 0.035016, 0.0350955]",0.034392,0.034048,0.0350955,"[0.039035999999999994, 0.0361, 0.0389176, 0.03957839999999999, 0.039215999999999994, 0.03754394999999999, 0.03741745]",0.0389176,0.0361,0.03957839999999999,"[0.8877879613574438, 0.8976821883482982, 0.8998327059807611, 0.9287107258938244, 0.9150521609538003, 0.9285108188375054, 0.9122348721147848]",0.9122348721147848,0.8877879613574438,0.9287107258938244,"[1.0, 1.0, 1.0, 1.0, 1.0, 1.0, 1.0]",1.0,1.0,1.0
25,2048,1536,recency_view,complete,event,"[0.032575998455286026, 0.03292800113558769, 0.03286400064826012, 0.03288000077009201, 0.03302399814128876, 0.03348800167441368, 0.033504001796245575]",0.03292800113558769,0.032575998455286026,0.033504001796245575,"[0.034228799678385255, 0.03458719868212938, 0.03550239838659763, 0.0352656003087759, 0.034755200147628784, 0.03500160165131092, 0.03551040161401033]",0.03500160165131092,0.034228799678385255,0.03551040161401033,"[0.8961266901997773, 0.902235929617978, 0.8789046020516296, 0.8969882426113619, 0.9189669576427588, 0.9155731214024431, 0.897172254967702]",0.897172254967702,0.8789046020516296,0.9189669576427588,"[1.0, 1.0, 1.0, 1.0, 1.0, 1.0, 1.0]",1.0,1.0,1.0
26,2048,2048,native_full,complete,wall,"[0.0383675, 0.038344, 0.03828, 0.037904, 0.0376, 0.038416, 0.038448]",0.038344,0.0376,0.038448,"[0.04185679999999999, 0.0404448, 0.042088799999999996, 0.0426712, 0.04234079999999999, 0.042792, 0.040670399999999995]",0.042088799999999996,0.0404448,0.042792,"[1.0, 1.0, 1.0, 1.0, 1.0, 1.0, 1.0]",1.0,1.0,1.0,"[1.1106849235757295, 1.1084643848288622, 1.1195601310248011, 1.103400093153237, 1.0955710955710956, 1.0960967815567224, 1.0927694406548432]",1.103400093153237,1.0927694406548432,1.1195601310248011
26,2048,2048,native_full,complete,event,"[0.03646400012075901, 0.03667199984192848, 0.036720000207424164, 0.036639999598264694, 0.03654399886727333, 0.03696000017225742, 0.03750399872660637]",0.03667199984192848,0.03646400012075901,0.03750399872660637,"[0.038977598771452904, 0.038169599138200276, 0.038656000047922134, 0.037964798510074615, 0.04154239967465401, 0.0384655985981226, 0.03929600119590759]",0.038656000047922134,0.037964798510074615,0.04154239967465401,"[1.0, 1.0, 1.0, 1.0, 1.0, 1.0, 1.0]",1.0,1.0,1.0,"[1.106310636980535, 1.111542132577285, 1.1167883013197815, 1.1198044040400728, 1.1114354626327787, 1.106851914471389, 1.1161904780911345]",1.111542132577285,1.106310636980535,1.1198044040400728
27,2048,2048,recency,complete,wall,"[0.04648, 0.04652, 0.046536, 0.046224, 0.045776, 0.047304, 0.047175999999999996]",0.04652,0.045776,0.047304,"[0.0527088, 0.051785599999999994, 0.05028559999999999, 0.05154159999999999, 0.0509144, 0.11167514999999999, 0.051321599999999995]",0.05154159999999999,0.05028559999999999,0.11167514999999999,"[1.2114419756304164, 1.2132276236177757, 1.2156739811912225, 1.219501899535669, 1.2174468085106382, 1.2313619325281133, 1.2270079067831874]",1.2174468085106382,1.2114419756304164,1.2313619325281133,"[1.3455303381194998, 1.3448196114708604, 1.3610201216658868, 1.3455985095482068, 1.3337995337995336, 1.349691851175531, 1.3408367439745337]",1.3455303381194998,1.3337995337995336,1.3610201216658868
27,2048,2048,recency,complete,event,"[0.04387199878692627, 0.044176001101732254, 0.04387199878692627, 0.044335998594760895, 0.044463999569416046, 0.04467200115323067, 0.04495999962091446]",0.044335998594760895,0.04387199878692627,0.04495999962091446,"[0.04849920012056827, 0.04695359990000725, 0.04701439999043941, 0.04727199859917164, 0.047550400532782075, 0.046992000006139276, 0.04937759954482317]",0.04727199859917164,0.04695359990000725,0.04937759954482317,"[1.203159243133884, 1.2046248170852183, 1.1947712020452574, 1.2100436430370674, 1.216725069714125, 1.2086580342270117, 1.198805491346676]",1.2046248170852183,1.1947712020452574,1.216725069714125,"[1.3310678686604656, 1.3389912381384255, 1.3343065011979165, 1.3550122005536018, 1.3523113907546183, 1.3378054591253936, 1.3380952745245238]",1.3380952745245238,1.3310678686604656,1.3550122005536018
28,2048,2048,uniform,complete,wall,"[0.07051199999999999, 0.0711195, 0.07092799999999999, 0.07048, 0.069536, 0.0716715, 0.072376]",0.07092799999999999,0.069536,0.072376,"[0.0786192, 0.0760272, 0.12781274999999997, 0.07571679999999999, 0.07556145, 0.08501674999999999, 0.07852395]",0.07852395,0.07556145,0.12781274999999997,"[1.837805434286831, 1.8547751929897767, 1.8528735632183906, 1.8594343604896582, 1.8493617021276596, 1.865667950853811, 1.8824386183936743]",1.8547751929897767,1.837805434286831,1.8824386183936743,"[2.0412227883279295, 2.0559522432932473, 2.0744033692091715, 2.0517000465766184, 2.026107226107226, 2.0449526363843873, 2.0570713960891314]",2.0517000465766184,2.026107226107226,2.0744033692091715
28,2048,2048,uniform,complete,event,"[0.06707199662923813, 0.06776000186800957, 0.06798400357365608, 0.06684800237417221, 0.06577600166201591, 0.06800000369548798, 0.06891200318932533]",0.06776000186800957,0.06577600166201591,0.06891200318932533,"[0.0708592027425766, 0.07214239723980426, 0.07241439968347549, 0.07097759656608105, 0.0698464024811983, 0.07219519801437854, 0.07397119663655757]",0.07214239723980426,0.0698464024811983,0.07397119663655757,"[1.8394031485057487, 1.8477312979952896, 1.8514162088678547, 1.8244542332729228, 1.7999125355961265, 1.839826931238207, 1.8374574853117531]",1.8394031485057487,1.7999125355961265,1.8514162088678547,"[2.0349512688873963, 2.0538311874034787, 2.067639962937441, 2.043031885388573, 2.0004866216988186, 2.0364159611370303, 2.0509525490022598]",2.043031885388573,2.0004866216988186,2.067639962937441
29,2048,2048,s17_p2,complete,wall,"[0.3068235, 0.3038955, 0.30435900000000005, 0.30399149999999997, 0.300695, 0.310456, 0.311623]",0.30435900000000005,0.300695,0.311623,"[0.4532238, 0.31942385, 0.3163382, 0.3199632, 0.32236465, 0.3317608, 0.3313086]",0.32236465,0.3163382,0.4532238,"[7.996963575943182, 7.925503338201543, 7.9508620689655185, 8.020037463064583, 7.99720744680851, 8.081424406497293, 8.105050977944236]",7.99720744680851,7.925503338201543,8.105050977944236,"[8.882106878184345, 8.785138182238668, 8.901468179691157, 8.849310083837912, 8.761509324009323, 8.858023282355628, 8.856952023647112]",8.856952023647112,8.761509324009323,8.901468179691157
29,2048,2048,s17_p2,complete,event,"[0.304064005613327, 0.30342400074005127, 0.3023200035095215, 0.30184000730514526, 0.3001760095357895, 0.30851200222969055, 0.3118239939212799]",0.30342400074005127,0.3001760095357895,0.3118239939212799,"[0.31187680512666704, 0.30975199639797213, 0.3093935936689377, 0.30638398677110673, 0.30564640909433366, 0.31399360597133635, 0.3240399926900864]",0.30975199639797213,0.30564640909433366,0.3240399926900864,"[8.338745189950318, 8.27399656544324, 8.233115517477517, 8.237991556076347, 8.214098589101303, 8.347186168610005, 8.314419915443933]",8.27399656544324,8.214098589101303,8.347186168610005,"[9.225242502712307, 9.19689578728991, 9.194647093333248, 9.224939224939225, 9.129440465489061, 9.239098991175084, 9.280476340469814]",9.224939224939225,9.129440465489061,9.280476340469814
30,2048,2048,s17_p3,complete,wall,"[0.3075595, 0.3057995, 0.3069275, 0.304311, 0.308327, 0.31186400000000003, 0.315231]",0.3075595,0.304311,0.315231,"[0.4000054, 0.32534625, 0.4638254, 0.31826545, 0.3511893999999999, 0.36680699999999994, 0.33477025]",0.3511893999999999,0.31826545,0.4638254,"[8.01614647813905, 7.975159086167327, 8.017959770114942, 8.028466652596032, 8.200186170212767, 8.118075801749272, 8.198892009987514]",8.028466652596032,7.975159086167327,8.200186170212767,"[8.903413038443723, 8.840179810360778, 8.976588090781469, 8.858610852352118, 8.983886946386946, 8.898196758730885, 8.95949863574352]",8.903413038443723,8.840179810360778,8.983886946386946
30,2048,2048,s17_p3,complete,event,"[0.30420801043510437, 0.3041280061006546, 0.3049600124359131, 0.30478399991989136, 0.3052480071783066, 0.30878400802612305, 0.31302399933338165]",0.3049600124359131,0.3041280061006546,0.31302399933338165,"[0.42191999107599254, 0.3103888019919395, 0.31260319650173185, 0.31221279352903364, 0.3149327918887138, 0.3166912108659744, 0.3220240011811256]",0.3149327918887138,0.3103888019919395,0.42191999107599254,"[8.34269442265382, 8.293193919381881, 8.305011185001446, 8.318340700372884, 8.352890122587784, 8.354545632764896, 8.346416647868374]",8.34269442265382,8.293193919381881,8.354545632764896,"[9.229611580860102, 9.218234455026709, 9.27493933373955, 9.31491455058334, 9.283698297719122, 9.247244828164408, 9.316190788532003]",9.27493933373955,9.218234455026709,9.316190788532003
31,2048,2048,s17_coarsened_p2,complete,wall,"[0.305479, 0.30592699999999995, 0.3039595, 0.304639, 0.30198400000000003, 0.3106155, 0.313664]",0.305479,0.30198400000000003,0.313664,"[0.32526944999999996, 0.3176974, 0.3170502, 0.32120865, 0.32134945000000004, 0.33311419999999997, 0.33340235]",0.32134945000000004,0.3170502,0.33340235,"[7.961920896592168, 7.978484247861463, 7.9404258098223615, 8.037120092866187, 8.031489361702128, 8.08557632236568, 8.15813566375364]",8.031489361702128,7.9404258098223615,8.15813566375364,"[8.843185502547476, 8.843865633672525, 8.889784160037435, 8.868159059152305, 8.7990675990676, 8.862574183976262, 8.914961346066393]",8.862574183976262,8.7990675990676,8.914961346066393
31,2048,2048,s17_coarsened_p2,complete,event,"[0.3046239912509918, 0.30507200956344604, 0.30316799879074097, 0.30323199927806854, 0.30190399289131165, 0.31063999235630035, 0.31196799874305725]",0.3046239912509918,0.30190399289131165,0.31196799874305725,"[0.31130238622426987, 0.31061760932207105, 0.3113184005022049, 0.3140912130475044, 0.30769760310649874, 0.319651198387146, 0.32248798906803133]",0.3113184005022049,0.30769760310649874,0.32248798906803133,"[8.354102409010494, 8.318935724215555, 8.256209070757182, 8.275982603788837, 8.261383599200995, 8.404761658780243, 8.318259634585006]",8.318259634585006,8.256209070757182,8.404761658780243,"[9.242232357513021, 9.246847555667918, 9.220437703471884, 9.267481767481767, 9.181994702564808, 9.30282653269664, 9.284762198413626]",9.246847555667918,9.181994702564808,9.30282653269664
32,2048,2048,s29_p2,complete,wall,"[0.3047915, 0.30491199999999996, 0.304767, 0.30465600000000004, 0.302743, 0.31004, 0.31275149999999996]",0.3047915,0.302743,0.31275149999999996,"[0.3181574, 0.3181926, 0.3173216, 0.31815340000000003, 0.321143, 0.3585391499999999, 0.32917035]",0.3181926,0.3173216,0.3585391499999999,"[7.944002085098065, 7.952013352806174, 7.961520376175549, 8.037568594343606, 8.051675531914892, 8.070595585172844, 8.134402309612982]",8.037568594343606,7.944002085098065,8.134402309612982,"[8.82328334877258, 8.814523589269195, 8.913400795507721, 8.868653935724268, 8.821182983682982, 8.846153846153847, 8.889026261937243]",8.846153846153847,8.814523589269195,8.913400795507721
32,2048,2048,s29_p2,complete,event,"[0.3038240075111389, 0.3041599988937378, 0.304064005613327, 0.30399999022483826, 0.30003198981285095, 0.30801600217819214, 0.3111039996147156]",0.304064005613327,0.30003198981285095,0.3111039996147156,"[0.311227186024189, 0.30948958694934847, 0.3909375950694084, 0.31054560244083407, 0.306694395840168, 0.31895840615034105, 0.31720320135354996]",0.311227186024189,0.306694395840168,0.3909375950694084,"[8.332163407880515, 8.294066323210991, 8.280610127879314, 8.29694305562263, 8.210157593933763, 8.333766253859281, 8.295222114382428]",8.295222114382428,8.210157593933763,8.333766253859281,"[9.217961007198197, 9.219204168639385, 9.247688518605717, 9.290953373755922, 9.125060303701792, 9.224245132841203, 9.259047937724675]",9.224245132841203,9.125060303701792,9.290953373755922
33,2048,2048,s29_p3,complete,wall,"[0.305335, 0.30583150000000003, 0.30427950000000004, 0.304903, 0.3027275, 0.312431, 0.3139995]",0.305335,0.3027275,0.3139995,"[0.31791915000000004, 0.31924235, 0.3197582, 0.32021194999999997, 0.31931905, 0.3676366499999999, 0.33526625000000004]",0.3197582,0.31791915000000004,0.3676366499999999,"[7.958167720075585, 7.975993636553307, 7.948785266457681, 8.04408505698607, 8.051263297872339, 8.132835276967931, 8.166861735330835]",8.04408505698607,7.948785266457681,8.166861735330835,"[8.83901690597499, 8.841104879740982, 8.899143074403371, 8.875844201210992, 8.820731351981351, 8.914374572015523, 8.924496930422919]",8.875844201210992,8.820731351981351,8.924496930422919
33,2048,2048,s29_p3,complete,event,"[0.3043679893016815, 0.3041280061006546, 0.3025760054588318, 0.3041920065879822, 0.30617599189281464, 0.31043200194835663, 0.3113119900226593]",0.3043679893016815,0.3025760054588318,0.3113119900226593,"[0.31158878803253176, 0.3105296090245247, 0.3090528056025505, 0.4635439902544022, 0.4449392035603523, 0.43740319609642025, 0.3217072129249573]",0.3217072129249573,0.3090528056025505,0.4635439902544022,"[8.34708173249496, 8.293193919381881, 8.240087248083839, 8.302183676944937, 8.378283750632665, 8.399134212704096, 8.300767933895166]",8.302183676944937,8.240087248083839,8.399134212704096,"[9.234465308405085, 9.218234455026709, 9.202433040514343, 9.296821844592545, 9.311921676453107, 9.296597783233674, 9.265238128658005]",9.265238128658005,9.202433040514343,9.311921676453107
34,2048,2048,s29_coarsened_p2,complete,wall,"[0.30542400000000003, 0.305855, 0.3066395, 0.3077755, 0.302936, 0.311615, 0.3143195]",0.3066395,0.302936,0.3143195,"[0.31858075, 0.31964139999999996, 0.31962955, 0.32646794999999995, 0.3186504, 0.33641675, 0.3397192]",0.31964139999999996,0.31858075,0.3397192,"[7.960487391672641, 7.97660650949301, 8.010436259143155, 8.119868615449557, 8.056808510638296, 8.111594127446896, 8.17518466500208]",8.056808510638296,7.960487391672641,8.17518466500208,"[8.841593330245486, 8.841784227567068, 8.96816506785213, 8.959463786679086, 8.826806526806525, 8.891092216388953, 8.933591973624374]",8.891092216388953,8.826806526806525,8.96816506785213
34,2048,2048,s29_coarsened_p2,complete,event,"[0.3043520003557205, 0.3049440085887909, 0.30507200956344604, 0.3065440058708191, 0.3027839958667755, 0.31009599566459656, 0.3120799958705902]",0.30507200956344604,0.3027839958667755,0.3120799958705902,"[0.3098751977086067, 0.30907201319932937, 0.3131199926137924, 0.3170879930257797, 0.3093808010220528, 0.31786879152059555, 0.32269281297922137]",0.3131199926137924,0.30907201319932937,0.32269281297922137,"[8.346643246703273, 8.315445296226711, 8.308061215690453, 8.366375797813527, 8.285464241789127, 8.390043133640404, 8.321245906218318]",8.321245906218318,8.285464241789127,8.390043133640404,"[9.233980206909576, 9.242967797897592, 9.278345572331698, 9.368704464245866, 9.208758782700242, 9.286535304967414, 9.288095446375719]",9.278345572331698,9.208758782700242,9.368704464245866
35,2048,2048,s43_p2,complete,wall,"[0.306063, 0.3037835, 0.3058155, 0.3045835, 0.306832, 0.3116875, 0.314024]",0.306063,0.3037835,0.314024,"[0.32268545000000004, 0.31337275000000003, 0.31886315, 0.31908145, 0.32323425, 0.33573345000000004, 0.3371478]",0.32268545000000004,0.31337275000000003,0.3371478,"[7.977142112464977, 7.922582411850614, 7.98891065830721, 8.035655867454622, 8.160425531914893, 8.113481361932529, 8.167498959633791]",8.035655867454622,7.922582411850614,8.167498959633791,"[8.860091477535896, 8.781900439407956, 8.944065863359851, 8.866543432696787, 8.940326340326338, 8.893160808034697, 8.925193269668032]",8.893160808034697,8.781900439407956,8.944065863359851
35,2048,2048,s43_p2,complete,event,"[0.30535998940467834, 0.30508801341056824, 0.3051680028438568, 0.3027679920196533, 0.3044320046901703, 0.30774399638175964, 0.3132319897413254]",0.3051680028438568,0.3027679920196533,0.3132319897413254,"[0.3110176056623459, 0.3192383870482445, 0.3134976029396057, 0.309284807741642, 0.31151519566774366, 0.31587681323289873, 0.3219631865620613]",0.3134976029396057,0.309284807741642,0.3219631865620613,"[8.374286649665637, 8.31937212929821, 8.310675411765303, 8.263318650090616, 8.330560806874416, 8.32640678970439, 8.351962467381112]",8.32640678970439,8.263318650090616,8.374286649665637,"[9.264562397649179, 9.247332638304162, 9.281265075925448, 9.253300616357942, 9.25888070437896, 9.216099295851878, 9.322380979465335]",9.25888070437896,9.216099295851878,9.322380979465335
36,2048,2048,s43_p3,complete,wall,"[0.305608, 0.305736, 0.30491199999999996, 0.304375, 0.3035835, 0.31131949999999997, 0.31359899999999996]",0.305608,0.3035835,0.31359899999999996,"[0.32185755, 0.3509877999999999, 0.32730394999999995, 0.32070155, 0.32325519999999996, 0.32826465, 0.33155755]",0.32730394999999995,0.32070155,0.3509877999999999,"[7.965283117221607, 7.973503025245149, 7.965308254963426, 8.030155128746307, 8.074029255319148, 8.10390201999167, 8.156445068664167]",8.030155128746307,7.965283117221607,8.156445068664167,"[8.846919870310328, 8.838344125809437, 8.917641553579784, 8.86047391709362, 8.845673076923076, 8.88266092216389, 8.913113915416098]",8.86047391709362,8.838344125809437,8.917641553579784
36,2048,2048,s43_p3,complete,event,"[0.30505600571632385, 0.3039200007915497, 0.3030720055103302, 0.30558399856090546, 0.30321599543094635, 0.30958399176597595, 0.31220799684524536]",0.30505600571632385,0.3030720055103302,0.31220799684524536,"[0.31069921106100085, 0.30875359624624255, 0.3099744126200676, 0.4427919968962669, 0.30968000292778014, 0.32035680264234545, 0.3192176088690758]",0.31069921106100085,0.30875359624624255,0.4427919968962669,"[8.365950107120996, 8.287521872315958, 8.253594874682332, 8.340174724657427, 8.297285596253914, 8.376190214369995, 8.324658901605508]",8.324658901605508,8.253594874682332,8.376190214369995,"[9.255339591956403, 9.211929735734975, 9.217518199878135, 9.339364387135088, 9.22189745526876, 9.271202174751943, 9.291904999328672]",9.255339591956403,9.211929735734975,9.339364387135088
37,2048,2048,s43_coarsened_p2,complete,wall,"[0.3031915, 0.3068475, 0.30392, 0.30571950000000003, 0.302287, 0.3102795, 0.31371899999999997]",0.30571950000000003,0.302287,0.31371899999999997,"[0.31902555, 0.3769151499999999, 0.31902060000000004, 0.36550619999999995, 0.314443, 0.327035, 0.3312798]",0.327035,0.314443,0.3769151499999999,"[7.902300123802698, 8.002490611308158, 7.9393939393939394, 8.065626319121993, 8.039547872340425, 8.076829966680549, 8.159566167290885]",8.039547872340425,7.902300123802698,8.159566167290885,"[8.776965609078278, 8.870475832562443, 8.888628919045392, 8.899612831858407, 8.807896270396268, 8.852987331659438, 8.916524556616643]",8.870475832562443,8.776965609078278,8.916524556616643
37,2048,2048,s43_coarsened_p2,complete,event,"[0.3020640015602112, 0.30588801205158234, 0.3020959943532944, 0.3035680055618286, 0.30112001299858093, 0.3086400032043457, 0.3112960010766983]",0.3035680055618286,0.30112001299858093,0.3112960010766983,"[0.3096511960029602, 0.42268000990152355, 0.30810879170894623, 0.31284639835357664, 0.3061231911182404, 0.3136208042502403, 0.3203823879361153]",0.31284639835357664,0.3061231911182404,0.42268000990152355,"[8.28389646116323, 8.341187101060385, 8.227015050294462, 8.285153081066243, 8.239930558564197, 8.350649398427606, 8.300341607463215]",8.285153081066243,8.227015050294462,8.350649398427606,"[9.164562770630292, 9.2715808985388, 9.18783416295063, 9.277750908324156, 9.158151032419768, 9.24293227372895, 9.264762267154103]",9.24293227372895,9.158151032419768,9.277750908324156
38,2048,2048,recency_view,complete,wall,"[0.034544, 0.034592, 0.034192, 0.034352, 0.03432, 0.035047999999999996, 0.035184]",0.034544,0.034192,0.035184,"[0.0383248, 0.038254399999999994, 0.039322399999999993, 0.039414399999999995, 0.03769599999999999, 0.03843039999999999, 0.036407999999999996]",0.0383248,0.036407999999999996,0.039414399999999995,"[0.9003453443669772, 0.9021489672438973, 0.8932079414838036, 0.906289573659772, 0.9127659574468086, 0.9123281965847563, 0.9151061173533083]",0.906289573659772,0.8932079414838036,0.9151061173533083,"[1.0, 1.0, 1.0, 1.0, 1.0, 1.0, 1.0]",1.0,1.0,1.0
38,2048,2048,recency_view,complete,event,"[0.03296000137925148, 0.03299200162291527, 0.03288000077009201, 0.03271999955177307, 0.03288000077009201, 0.03339200094342232, 0.03359999880194664]",0.03296000137925148,0.03271999955177307,0.03359999880194664,"[0.03463359922170639, 0.035049598664045334, 0.036115199141204354, 0.03436480071395635, 0.035076798871159554, 0.03542080093175173, 0.03604320120066403]",0.035076798871159554,0.03436480071395635,0.036115199141204354,"[0.9039052564199423, 0.899651007993141, 0.8954248525152304, 0.8930130979947588, 0.8997373519387178, 0.9034632247779781, 0.8959044353345148]",0.899651007993141,0.8930130979947588,0.9039052564199423,"[1.0, 1.0, 1.0, 1.0, 1.0, 1.0, 1.0]",1.0,1.0,1.0
39,4096,2048,native_full,complete,wall,"[0.03832, 0.038352, 0.038272, 0.038208, 0.0382875, 0.038368, 0.038512000000000005]",0.03832,0.038208,0.038512000000000005,"[0.0419408, 0.0403376, 0.041667199999999995, 0.042468799999999994, 0.0435408, 0.0427648, 0.04061999999999998]",0.0419408,0.0403376,0.0435408,"[1.0, 1.0, 1.0, 1.0, 1.0, 1.0, 1.0]",1.0,1.0,1.0,"[1.1108695337072951, 1.1161816065192083, 1.1107499419549571, 1.1068366164542294, 1.1250440761636107, 1.0959780621572213, 1.0958342818119737]",1.1107499419549571,1.0958342818119737,1.1250440761636107
39,4096,2048,native_full,complete,event,"[0.036607999354600906, 0.03654399886727333, 0.03598399832844734, 0.036607999354600906, 0.0366239994764328, 0.036559998989105225, 0.037376001477241516]",0.036607999354600906,0.03598399832844734,0.037376001477241516,"[0.03864159975200891, 0.038758400827646255, 0.03782560117542744, 0.037892801500856874, 0.037700800225138664, 0.038315200991928575, 0.03914720006287098]",0.038315200991928575,0.037700800225138664,0.03914720006287098,"[1.0, 1.0, 1.0, 1.0, 1.0, 1.0, 1.0]",1.0,1.0,1.0,"[1.111758931368475, 1.1076623748069578, 1.093339730799339, 1.107454052008463, 1.1275861404526135, 1.0948729622717308, 1.1118515788267507]",1.1076623748069578,1.093339730799339,1.1275861404526135
40,4096,2048,recency,complete,wall,"[0.046608, 0.046488, 0.046424, 0.046288, 0.045792, 0.046992, 0.047248]",0.046488,0.045792,0.047248,"[0.0508152, 0.052461600000000004, 0.05000079999999999, 0.0535872, 0.050858249999999994, 0.051384799999999994, 0.050155849999999995]",0.050858249999999994,0.05000079999999999,0.0535872,"[1.2162839248434236, 1.212140175219024, 1.2130016722408026, 1.2114740368509214, 1.1960039177277177, 1.224770642201835, 1.226838388034898]",1.2130016722408026,1.1960039177277177,1.226838388034898,"[1.351132756446493, 1.3529685681024446, 1.3473415370327373, 1.3409038238702202, 1.3455571227080394, 1.3423217550274225, 1.344411563851582]",1.3455571227080394,1.3409038238702202,1.3529685681024446
40,4096,2048,recency,complete,event,"[0.04524800181388855, 0.04371200129389763, 0.043935999274253845, 0.0435199998319149, 0.04307200014591217, 0.044463999569416046, 0.04499199986457825]",0.043935999274253845,0.04307200014591217,0.04524800181388855,"[0.04851360060274601, 0.047454399615526194, 0.04855200070887804, 0.04697920009493828, 0.04822719842195511, 0.04823039844632149, 0.04962880127131939]",0.04823039844632149,0.04697920009493828,0.04962880127131939,"[1.2360140573538818, 1.1961471828153853, 1.2209871419296952, 1.1888112051784467, 1.176059435388224, 1.2161925820256776, 1.2037670720869957]",1.2037670720869957,1.176059435388224,1.2360140573538818,"[1.3741496675601645, 1.324927229135942, 1.3349537530668674, 1.316553786247935, 1.3261083196922874, 1.3315763749753586, 1.3384103196395813]",1.3315763749753586,1.316553786247935,1.3741496675601645
41,4096,2048,uniform,complete,wall,"[0.07032749999999999, 0.0710395, 0.070776, 0.070176, 0.07092000000000001, 0.071344, 0.07236799999999999]",0.07092000000000001,0.070176,0.07236799999999999,"[0.07510959999999998, 0.0750864, 0.09423679999999998, 0.0781504, 0.11986159999999998, 0.0782744, 0.0794952]",0.0782744,0.0750864,0.11986159999999998,"[1.8352687891440498, 1.8523023571130584, 1.849289297658863, 1.8366834170854272, 1.8523016650342803, 1.8594662218515432, 1.8791026173660152]",1.8523016650342803,1.8352687891440498,1.8791026173660152,"[2.038744184024003, 2.0675058207217694, 2.0540979800325054, 2.0329084588644264, 2.08392101551481, 2.037934186471664, 2.059185067152287]",2.0540979800325054,2.0329084588644264,2.08392101551481
41,4096,2048,uniform,complete,event,"[0.06676800176501274, 0.06750399991869926, 0.06729599833488464, 0.06630399823188782, 0.06780800223350525, 0.0684799998998642, 0.06841599941253662]",0.06750399991869926,0.06630399823188782,0.0684799998998642,"[0.07411999814212322, 0.07235359959304333, 0.07139359973371029, 0.06989440284669399, 0.13592960610985755, 0.11629120148718354, 0.07345600053668022]",0.07345600053668022,0.06989440284669399,0.13592960610985755,"[1.8238637167322096, 1.8471979534552772, 1.8701645581637167, 1.8111887948215533, 1.8514636086410787, 1.8730853882209089, 1.8304793639896326]",1.8471979534552772,1.8111887948215533,1.8730853882209089,"[2.0276967766759366, 2.0460716718628245, 2.044725214573183, 2.005808369777454, 2.0876847046560623, 2.0507905475893216, 2.0352213708616596]",2.044725214573183,2.005808369777454,2.0876847046560623
42,4096,2048,s17_p2,complete,wall,"[0.3046635, 0.3043035, 0.306047, 0.304215, 0.301024, 0.3102235, 0.31242349999999997]",0.3046635,0.301024,0.31242349999999997,"[0.3200766, 0.3193526, 0.31938795000000003, 0.3191776, 0.3141966, 0.32868234999999996, 0.33347275]",0.31938795000000003,0.3141966,0.33347275,"[7.950508872651357, 7.934488423028787, 7.9966293896321075, 7.962076005025126, 7.862200457068234, 8.085474874895747, 8.112367573743247]",7.962076005025126,7.862200457068234,8.112367573743247,"[8.831978084097926, 8.85633003492433, 8.882255630369167, 8.812717265353418, 8.845322049835449, 8.861503085009142, 8.889810493967675]",8.85633003492433,8.812717265353418,8.889810493967675
42,4096,2048,s17_p2,complete,event,"[0.3033919930458069, 0.3049280047416687, 0.30371201038360596, 0.30292800068855286, 0.3025279939174652, 0.3086079955101013, 0.312063992023468]",0.30371201038360596,0.3025279939174652,0.312063992023468,"[0.3106143966317177, 0.31112319976091385, 0.3103423938155174, 0.30944480895996096, 0.3927424028515815, 0.31770399063825605, 0.32102560400962826]",0.31112319976091385,0.30944480895996096,0.3927424028515815,"[8.287587368733837, 8.344133488213968, 8.440196323139133, 8.27491275210812, 8.260375661924611, 8.441137966170777, 8.349314525083315]",8.344133488213968,8.260375661924611,8.441137966170777,"[9.213799276686402, 9.242482715261348, 9.22800197583451, 9.16408565733864, 9.314285111318275, 9.241973729965771, 9.283198536835005]",9.241973729965771,9.16408565733864,9.314285111318275
43,4096,2048,s17_p3,complete,wall,"[0.30441549999999995, 0.3056635, 0.3054795, 0.30561550000000004, 0.306967, 0.3133035, 0.3137835]",0.3056635,0.30441549999999995,0.3137835,"[0.3192158, 0.32020954999999995, 0.371131, 0.3183398, 0.31872944999999997, 0.3368862, 0.40499439999999987]",0.32020954999999995,0.3183398,0.40499439999999987,"[7.9440370563674305, 7.969949415936587, 7.981801316889633, 7.99873063232831, 8.017420829252366, 8.165750104253545, 8.147681242210218]",7.99873063232831,7.9440370563674305,8.165750104253545,"[8.824788740560361, 8.895910942956926, 8.865785349431158, 8.853287949015064, 9.01995181006112, 8.949482975319928, 8.928508422490324]",8.895910942956926,8.824788740560361,9.01995181006112
43,4096,2048,s17_p3,complete,event,"[0.30478399991989136, 0.3039039969444275, 0.3060639947652817, 0.3050079941749573, 0.3024959862232208, 0.30900800228118896, 0.31220799684524536]",0.3050079941749573,0.3024959862232208,0.31220799684524536,"[0.3257823884487152, 0.31041600853204726, 0.3196543976664543, 0.3216511979699135, 0.30733118653297425, 0.31849118918180463, 0.3196176037192345]",0.3196176037192345,0.30733118653297425,0.3257823884487152,"[8.325612032704157, 8.316112258217755, 8.505558275421583, 8.331730756999802, 8.259501707831614, 8.452079070715305, 8.353167393664375]",8.331730756999802,8.259501707831614,8.505558275421583,"[9.256073536467692, 9.21144465309873, 9.299464795147525, 9.22700898708297, 9.313299652795619, 9.253952849508964, 9.287482354849871]",9.256073536467692,9.21144465309873,9.313299652795619
44,4096,2048,s17_coarsened_p2,complete,wall,"[0.30556700000000003, 0.305535, 0.3033755, 0.30504699999999996, 0.307272, 0.310991, 0.3130715]",0.30556700000000003,0.3033755,0.3130715,"[0.32455019999999996, 0.31947435, 0.31502545, 0.31988465, 0.32529595, 0.32662945, 0.33978]",0.32455019999999996,0.31502545,0.33978,"[7.974086638830898, 7.966598873591991, 7.926826400501673, 7.9838515494137345, 8.025386875612144, 8.10547852376981, 8.129193498130451]",7.9838515494137345,7.926826400501673,8.129193498130451,"[8.858169906219652, 8.892171129220023, 8.804721964244253, 8.836819235225954, 9.028913963328632, 8.88342664533821, 8.90824891873435]",8.88342664533821,8.804721964244253,9.028913963328632
44,4096,2048,s17_coarsened_p2,complete,event,"[0.3043840080499649, 0.3047199994325638, 0.30430400371551514, 0.3038400113582611, 0.30510400235652924, 0.3091520071029663, 0.31140799820423126]",0.3047199994325638,0.3038400113582611,0.31140799820423126,"[0.31085599809885023, 0.31024480015039446, 0.31853438913822174, 0.31136960089206694, 0.31355518847703934, 0.31695039868354796, 0.31914079338312146]",0.31355518847703934,0.31024480015039446,0.31914079338312146,"[8.314685681169568, 8.338441573931123, 8.456647894932399, 8.299825631418297, 8.330712284791856, 8.456017933564295, 8.331763321281159]",8.331763321281159,8.299825631418297,8.456647894932399,"[9.243926067561839, 9.236177995969614, 9.245989132910186, 9.191675526477894, 9.393595712429624, 9.25826540394442, 9.263684203177268]",9.245989132910186,9.191675526477894,9.393595712429624
45,4096,2048,s29_p2,complete,wall,"[0.3045995, 0.3050715, 0.3050395, 0.3088475, 0.30616699999999997, 0.31423999999999996, 0.313463]",0.30616699999999997,0.3045995,0.31423999999999996,"[0.31807995, 0.3152494, 0.32080395, 0.36059339999999995, 0.32228144999999997, 0.46497659999999996, 0.33436625]",0.32228144999999997,0.3152494,0.46497659999999996,"[7.9488387265135705, 7.9545134543178975, 7.970304661371238, 8.083320247068677, 7.9965262814234395, 8.190158465387823, 8.139359160781055]",7.9965262814234395,7.9488387265135705,8.190158465387823,"[8.83012276963662, 8.878681606519208, 8.853015439981426, 8.94691483198146, 8.996444522802067, 8.976234003656307, 8.919388800364215]",8.919388800364215,8.83012276963662,8.996444522802067
45,4096,2048,s29_p2,complete,event,"[0.30369600653648376, 0.30396801233291626, 0.30403199791908264, 0.30532801151275635, 0.3041120022535324, 0.30900800228118896, 0.31219199299812317]",0.3041120022535324,0.30369600653648376,0.31219199299812317,"[0.309408001601696, 0.3092944070696831, 0.30954559445381163, 0.31598720550537107, 0.3125664100050926, 0.31603519320487977, 0.31952639669179916]",0.3125664100050926,0.3092944070696831,0.31952639669179916,"[8.29589193320162, 8.317863992851978, 8.449088818424286, 8.340472489502014, 8.303626217809052, 8.452079070715305, 8.352739208559237]",8.340472489502014,8.29589193320162,8.452079070715305,"[9.223031950404586, 9.213384983643705, 9.237724494235716, 9.236690054164118, 9.363053838700443, 9.253952849508964, 9.287006276564691]",9.237724494235716,9.213384983643705,9.363053838700443
46,4096,2048,s29_p3,complete,wall,"[0.30361499999999997, 0.30561550000000004, 0.30538350000000003, 0.305655, 0.30576749999999997, 0.315727, 0.3130235]",0.305655,0.30361499999999997,0.315727,"[0.32032065, 0.31788865, 0.3216776, 0.32069595, 0.44199579999999994, 0.4829246, 0.33260475]",0.3216776,0.31788865,0.4829246,"[7.923147181628392, 7.96869785148102, 7.97929295568562, 7.999764447236181, 7.98609206660137, 8.2289147206005, 8.12794713336103]",7.98609206660137,7.923147181628392,8.2289147206005,"[8.801582815149802, 8.894513969732248, 8.862999187369399, 8.854432213209734, 8.98470557122708, 9.018710009140769, 8.906883109492375]",8.894513969732248,8.801582815149802,9.018710009140769
46,4096,2048,s29_p3,complete,event,"[0.30375999212265015, 0.3044319897890091, 0.3039360046386719, 0.3032959997653961, 0.30508799850940704, 0.30902399122714996, 0.31144000589847565]",0.3044319897890091,0.3032959997653961,0.31144000589847565,"[0.3111615926027298, 0.30941920131444933, 0.3095728099346161, 0.312161585688591, 0.3103615865111351, 0.3170287922024727, 0.3209391921758652]",0.3111615926027298,0.30941920131444933,0.3209391921758652,"[8.297639791246159, 8.330560399114958, 8.446421152659783, 8.284965174620442, 8.330275307745357, 8.45251640513552, 8.332619691491436]",8.330560399114958,8.284965174620442,8.45251640513552,"[9.224975147196366, 9.227448315156472, 9.23480782926689, 9.175218253382411, 9.393102983168294, 9.254431675141129, 9.264636359747625]",9.23480782926689,9.175218253382411,9.393102983168294
47,4096,2048,s29_coarsened_p2,complete,wall,"[0.3064235, 0.305671, 0.304736, 0.305464, 0.3031355, 0.312359, 0.3141755]",0.305671,0.3031355,0.3141755,"[0.3209414, 0.32113355, 0.40258635, 0.32309034999999997, 0.31906314999999996, 0.3544405999999999, 0.33540865000000003]",0.32309034999999997,0.31906314999999996,0.40258635,"[7.996437891440501, 7.970144972882771, 7.962374581939799, 7.994765494137354, 7.917349004244205, 8.141133236030026, 8.15785988782717]",7.994765494137354,7.917349004244205,8.15785988782717,"[8.882999231783856, 8.896129220023283, 8.844207104713258, 8.848899188876013, 8.907366596144804, 8.922503427787936, 8.939662531299795]",8.896129220023283,8.844207104713258,8.939662531299795
47,4096,2048,s29_coarsened_p2,complete,event,"[0.3049760013818741, 0.30377599596977234, 0.30241599678993225, 0.30376000702381134, 0.30212800204753876, 0.30905599892139435, 0.31175999343395233]",0.30377599596977234,0.30212800204753876,0.31175999343395233,"[0.3111424073576927, 0.31052318811416624, 0.30816800594329835, 0.309876811504364, 0.30810399204492567, 0.31677440404891966, 0.45828478783369064]",0.31052318811416624,0.30810399204492567,0.45828478783369064,"[8.330856827977533, 8.312609604468228, 8.404179936581858, 8.297640198292745, 8.249454083843444, 8.453391889137967, 8.341181001498647]",8.330856827977533,8.249454083843444,8.453391889137967,"[9.261904484456066, 9.207564895328403, 9.188623829451615, 9.189255259707608, 9.301970091242081, 9.255390218904308, 9.274155265795969]",9.255390218904308,9.188623829451615,9.301970091242081
48,4096,2048,s43_p2,complete,wall,"[0.302783, 0.30658399999999997, 0.307, 0.3043035, 0.3066715, 0.3114555, 0.3137195]",0.3066715,0.302783,0.3137195,"[0.31458395, 0.32044799999999996, 0.31945599999999996, 0.3203542, 0.322027, 0.3316542, 0.33461195]",0.32044799999999996,0.31458395,0.33461195,"[7.901435281837162, 7.9939507717980804, 8.021530100334449, 7.964392273869347, 8.009702905648057, 8.117584966638866, 8.146019422517655]",8.009702905648057,7.901435281837162,8.146019422517655,"[8.777463727152819, 8.922700814901047, 8.909914093336429, 8.815280996523754, 9.011268805829808, 8.896695041133455, 8.926687343501024]",8.909914093336429,8.777463727152819,9.011268805829808
48,4096,2048,s43_p2,complete,event,"[0.3023360073566437, 0.30508801341056824, 0.30483199656009674, 0.3041599988937378, 0.3049760013818741, 0.30929599702358246, 0.3118560016155243]",0.3049760013818741,0.3023360073566437,0.3118560016155243,"[0.3092592000961304, 0.31020320653915406, 0.3092944070696831, 0.3135472029447556, 0.3117664113640785, 0.3179696127772331, 0.44062080681324]",0.3117664113640785,0.3092592000961304,0.44062080681324,"[8.258741605300154, 8.348512009280606, 8.47132088484759, 8.308566549827336, 8.327217282157381, 8.45995638883228, 8.343749713446886]",8.343749713446886,8.258741605300154,8.47132088484759,"[9.181729741556863, 9.247332638304162, 9.262031695754084, 9.201355691988258, 9.389654795898144, 9.262577512130454, 9.277011292231169]",9.262031695754084,9.181729741556863,9.389654795898144
49,4096,2048,s43_p3,complete,wall,"[0.30523900000000004, 0.30535999999999996, 0.3049355, 0.305776, 0.3053035, 0.3116795, 0.31454400000000005]",0.30535999999999996,0.3049355,0.31454400000000005,"[0.32664699999999997, 0.32422235, 0.32021099999999997, 0.32048224999999997, 0.44317819999999997, 0.32486785, 0.33693025]",0.32486785,0.32021099999999997,0.44317819999999997,"[7.96552713987474, 7.96203587818106, 7.967587270066891, 8.002931323283082, 7.973973228860594, 8.123423165137615, 8.16742833402576]",7.973973228860594,7.96203587818106,8.16742833402576,"[8.848661419605458, 8.88707799767171, 8.849997097747853, 8.857937427578214, 8.971071344616831, 8.903093578610603, 8.95014796266788]",8.88707799767171,8.848661419605458,8.971071344616831
49,4096,2048,s43_p3,complete,event,"[0.30371199548244476, 0.30400000512599945, 0.30636799335479736, 0.3036320060491562, 0.3028640002012253, 0.30900800228118896, 0.31137600541114807]",0.30400000512599945,0.3028640002012253,0.31137600541114807,"[0.31388961225748063, 0.3095184028148651, 0.4485727891325951, 0.3103039860725403, 0.31034079343080523, 0.31560480445623396, 0.3171263858675957]",0.31388961225748063,0.3095184028148651,0.4485727891325951,"[8.29632869418946, 8.318739452409629, 8.514006435816125, 8.294143668110495, 8.269550145557298, 8.452079070715305, 8.330907349753474]",8.318739452409629,8.269550145557298,8.514006435816125,"[9.22351752333369, 9.21435469725638, 9.308701504559043, 9.185383013189304, 9.324630131908302, 9.253952849508964, 9.262732489882783]",9.253952849508964,9.185383013189304,9.324630131908302
50,4096,2048,s43_coarsened_p2,complete,wall,"[0.30652, 0.304607, 0.3045115, 0.304639, 0.30232000000000003, 0.3109515, 0.3128875]",0.304639,0.30232000000000003,0.3128875,"[0.32118859999999994, 0.31819105, 0.31812865, 0.31706225, 0.31474715000000003, 0.3294438, 0.33287905]",0.31819105,0.31474715000000003,0.33287905,"[7.9989561586638835, 7.942401960784315, 7.956508674749164, 7.973173157453936, 7.896049624551094, 8.10444902001668, 8.124415766514332]",7.973173157453936,7.896049624551094,8.124415766514332,"[8.885796698120046, 8.865162980209545, 8.837691548641745, 8.825, 8.88340385519511, 8.882298331809872, 8.90301331664011]",8.882298331809872,8.825,8.90301331664011
50,4096,2048,s43_coarsened_p2,complete,event,"[0.3044160008430481, 0.30428799986839294, 0.30316799879074097, 0.3036320060491562, 0.30134400725364685, 0.307888001203537, 0.3099360018968582]",0.30428799986839294,0.30134400725364685,0.3099360018968582,"[0.3113760009407997, 0.30944318771362306, 0.3105855882167816, 0.3090656131505966, 0.3089279904961586, 0.31550401002168654, 0.3195087894797325]",0.3105855882167816,0.3089279904961586,0.3195087894797325,"[8.315559610191835, 8.326620219466335, 8.425078170122909, 8.294143668110495, 8.228047497858853, 8.421444467087834, 8.292379859990646]",8.315559610191835,8.228047497858853,8.425078170122909,"[9.244897665957728, 9.223083926409712, 9.21147269848557, 9.185383013189304, 9.277832321571449, 9.220411850287334, 9.21989563956175]",9.220411850287334,9.185383013189304,9.277832321571449
51,4096,2048,recency_view,complete,wall,"[0.0344955, 0.03436, 0.034456, 0.03452, 0.034032, 0.035008, 0.035144]",0.0344955,0.034032,0.035144,"[0.03626719999999999, 0.0385352, 0.0377096, 0.038323199999999995, 0.06955279999999998, 0.0405472, 0.0368624]",0.038323199999999995,0.03626719999999999,0.06955279999999998,"[0.9001957202505219, 0.8959115561118065, 0.9002926421404682, 0.9034757118927974, 0.8888540646425073, 0.9124270225187656, 0.9125467386788533]",0.9002926421404682,0.8888540646425073,0.9125467386788533,"[1.0, 1.0, 1.0, 1.0, 1.0, 1.0, 1.0]",1.0,1.0,1.0
51,4096,2048,recency_view,complete,event,"[0.03292800113558769, 0.03299200162291527, 0.0329120010137558, 0.033055998384952545, 0.03248000144958496, 0.03339200094342232, 0.033615998923778534]",0.03299200162291527,0.03248000144958496,0.033615998923778534,"[0.034844800271093844, 0.03524000011384487, 0.03493280112743377, 0.03555839881300926, 0.034468801133334635, 0.03597600143402815, 0.03596799820661545]",0.03524000011384487,0.034468801133334635,0.03597600143402815,"[0.8994755713534859, 0.9028021739695536, 0.9146287945366272, 0.9029719997740892, 0.8868502051635714, 0.9133479722844915, 0.8994006205893247]",0.9028021739695536,0.8868502051635714,0.9146287945366272,"[1.0, 1.0, 1.0, 1.0, 1.0, 1.0, 1.0]",1.0,1.0,1.0
52,4096,3072,native_full,complete,wall,"[0.0420475, 0.0416, 0.042648, 0.041712, 0.042656, 0.043352, 0.043191999999999994]",0.042648,0.0416,0.043352,"[0.0444112, 0.0459752, 0.045308749999999995, 0.0465872, 0.043400799999999996, 0.04447919999999999, 0.04454465]",0.04454465,0.043400799999999996,0.0465872,"[1.0, 1.0, 1.0, 1.0, 1.0, 1.0, 1.0]",1.0,1.0,1.0,"[1.2283097686375322, 1.2031466913465987, 1.2289073305670817, 1.2159514925373134, 1.2590504582417095, 1.2411818598259277, 1.2168131620464275]",1.2283097686375322,1.2031466913465987,1.2590504582417095
52,4096,3072,native_full,complete,event,"[0.04100799933075905, 0.04142400063574314, 0.04188799858093262, 0.04140800051391125, 0.041600000113248825, 0.04179200157523155, 0.042288001626729965]",0.041600000113248825,0.04100799933075905,0.042288001626729965,"[0.04301919974386692, 0.04272160120308399, 0.042662400752305984, 0.0429471991956234, 0.04316000062972307, 0.043070399761199946, 0.043014399521052835]",0.043014399521052835,0.042662400752305984,0.04316000062972307,"[1.0, 1.0, 1.0, 1.0, 1.0, 1.0, 1.0]",1.0,1.0,1.0,"[1.2465952765956627, 1.253146256644295, 1.2684108811331813, 1.2581429034534997, 1.28331684595162, 1.2557692746832945, 1.2603720671609293]",1.2581429034534997,1.2465952765956627,1.28331684595162
53,4096,3072,recency,complete,wall,"[0.046912, 0.046464, 0.046135999999999996, 0.046072, 0.045576, 0.047016, 0.047495499999999996]",0.046464,0.045576,0.047495499999999996,"[0.087852, 0.05230399999999999, 0.05247039999999999, 0.05246639999999999, 0.049968799999999994, 0.05083424999999999, 0.10771039999999998]",0.05246639999999999,0.049968799999999994,0.10771039999999998,"[1.1156905880254475, 1.116923076923077, 1.0817857812793097, 1.1045262754123515, 1.0684546136534134, 1.084517438641816, 1.0996365067605112]",1.0996365067605112,1.0684546136534134,1.116923076923077,"[1.3704136480486095, 1.3438223044886626, 1.3294144767173812, 1.3430503731343284, 1.3452382709307988, 1.3460833715071003, 1.3380521748929455]",1.3438223044886626,1.3294144767173812,1.3704136480486095
53,4096,3072,recency,complete,event,"[0.045232001692056656, 0.04499199986457825, 0.04350399971008301, 0.044064000248909, 0.043327998369932175, 0.04443199932575226, 0.044863998889923096]",0.04443199932575226,0.043327998369932175,0.045232001692056656,"[0.12422719821333884, 0.04963680151849985, 0.04728159829974174, 0.047374398633837696, 0.04641599953174591, 0.04739359952509403, 0.049753598682582376]",0.04739359952509403,0.04641599953174591,0.12422719821333884,"[1.1030043511078895, 1.0861336223946565, 1.038579096254219, 1.0641421875491295, 1.04153841951873, 1.0631699284794565, 1.06091555912079]",1.0631699284794565,1.038579096254219,1.1030043511078895,"[1.3750000141555592, 1.361084283119372, 1.3173450266063171, 1.3388429415304206, 1.3366237994742118, 1.335096129951737, 1.3371483363322632]",1.3371483363322632,1.3173450266063171,1.3750000141555592
54,4096,3072,uniform,complete,wall,"[0.07080800000000001, 0.070344, 0.0705195, 0.07024, 0.0708, 0.07191149999999999, 0.072224]",0.0708,0.07024,0.072224,"[0.0745368, 0.07592784999999999, 0.07524639999999999, 0.07756719999999999, 0.07789675, 0.08073904999999999, 0.07604159999999999]",0.07604159999999999,0.0745368,0.08073904999999999,"[1.6840002378262682, 1.6909615384615386, 1.6535241980866628, 1.683927886459532, 1.6597899474868718, 1.6587816017715442, 1.6721615113909984]",1.6721615113909984,1.6535241980866628,1.6909615384615386,"[2.0684739425099328, 2.0344747801943543, 2.0320280082987554, 2.0475746268656714, 2.089759293968329, 2.0588496335318367, 2.0347081361280144]",2.0475746268656714,2.0320280082987554,2.089759293968329
54,4096,3072,uniform,complete,event,"[0.0676800012588501, 0.0671519972383976, 0.06718399748206139, 0.06860800087451935, 0.06862400099635124, 0.06803199648857117, 0.06857600063085556]",0.06803199648857117,0.0671519972383976,0.06862400099635124,"[0.07131679877638816, 0.07079360224306583, 0.11464320234954352, 0.07285280190408229, 0.07317919805645942, 0.07331839948892593, 0.07304159738123417]",0.07304159738123417,0.07079360224306583,0.11464320234954352,"[1.6504097337927204, 1.6210891320925382, 1.6038960981211332, 1.6568778985469272, 1.6496154040753421, 1.6278712175607069, 1.6216420259383721]",1.6278712175607069,1.6038960981211332,1.6568778985469272,"[2.0573929785935103, 2.0314617775685133, 2.034399263063898, 2.0845891699457644, 2.1169792373911753, 2.04423065815402, 2.0438723124269838]",2.04423065815402,2.0314617775685133,2.1169792373911753
55,4096,3072,s17_p2,complete,wall,"[0.3113595, 0.3121835, 0.31197549999999996, 0.3118795, 0.310184, 0.3159755, 0.319216]",0.31197549999999996,0.310184,0.319216,"[0.32516065, 0.3255862, 0.32254865, 0.3209168, 0.32372315, 0.33402875000000004, 0.337015]",0.32516065,0.3209168,0.337015,"[7.404946786372554, 7.504411057692308, 7.315126148940161, 7.476973053317989, 7.271755438859715, 7.288602601956081, 7.390627894054456]",7.390627894054456,7.271755438859715,7.504411057692308,"[9.09556847394251, 9.028907334567329, 8.989612148455508, 9.091636543843283, 9.15550701751797, 9.046481333027943, 8.993013297272933]",9.046481333027943,8.989612148455508,9.15550701751797
55,4096,3072,s17_p2,complete,event,"[0.3107519894838333, 0.31118398904800415, 0.3107040077447891, 0.3109759986400604, 0.30983999371528625, 0.31387199461460114, 0.3177280128002167]",0.3109759986400604,0.30983999371528625,0.3177280128002167,"[0.3175776109099388, 0.3176048040390015, 0.3175919964909554, 0.3174735888838768, 0.3154271885752678, 0.3224848106503487, 0.3248016133904457]",0.3175919964909554,0.3154271885752678,0.3248016133904457,"[7.577838337769046, 7.512166480112877, 7.417494706615592, 7.510046241802628, 7.448076751725969, 7.510336494642088, 7.513431720059879]",7.510336494642088,7.417494706615592,7.577838337769046,"[9.446497478668421, 9.413843303842201, 9.408430996618993, 9.448711383731602, 9.558242365430557, 9.43124981250417, 9.469719468484367]",9.446497478668421,9.408430996618993,9.558242365430557
56,4096,3072,s17_p3,complete,wall,"[0.3139995, 0.3157755, 0.3155595, 0.3159275, 0.313936, 0.3197355, 0.32367100000000004]",0.3157755,0.313936,0.32367100000000004,"[0.32654459999999996, 0.327779, 0.32924635, 0.3295392, 0.3247104, 0.3354038, 0.33928945]",0.32924635,0.3247104,0.33928945,"[7.467732921101135, 7.590757211538461, 7.3991629150253235, 7.574019466820101, 7.359714928732183, 7.375334471304669, 7.493771994813857]",7.467732921101135,7.359714928732183,7.590757211538461,"[9.172689296564618, 9.132794423877833, 9.092885546334717, 9.209640275186567, 9.266252453548606, 9.154131355932204, 9.118520396664413]",9.154131355932204,9.092885546334717,9.266252453548606
56,4096,3072,s17_p3,complete,event,"[0.3127039968967438, 0.31435200572013855, 0.3142879903316498, 0.3139359951019287, 0.31404800713062286, 0.31863999366760254, 0.3218720108270645]",0.3142879903316498,0.3127039968967438,0.3218720108270645,"[0.3196751892566681, 0.32272959202528, 0.3196160107851028, 0.3188544139266014, 0.31838398873806, 0.324166402220726, 0.33152639120817184]",0.3196751892566681,0.31838398873806,0.33152639120817184,"[7.6254389875146265, 7.588644285817642, 7.5030557911332965, 7.581529926721774, 7.549230920088494, 7.624425288508979, 7.611426372619399]",7.588644285817642,7.5030557911332965,7.6254389875146265,"[9.505836223804147, 9.509681179777496, 9.516957607222803, 9.538648074625332, 9.688055213728411, 9.574519014427889, 9.593229191301527]",9.538648074625332,9.505836223804147,9.688055213728411
57,4096,3072,s17_coarsened_p2,complete,wall,"[0.3139515, 0.315991, 0.31522300000000003, 0.3158875, 0.315207, 0.3200555, 0.3239355]",0.3158875,0.3139515,0.3239355,"[0.32243340000000004, 0.3274766, 0.32741515, 0.32454715, 0.32645905, 0.33708075, 0.33806794999999995]",0.32741515,0.32243340000000004,0.33806794999999995,"[7.466591355015161, 7.595937500000001, 7.391272744325644, 7.57306051016494, 7.38951144036009, 7.3827159069939094, 7.499895814039638]",7.466591355015161,7.3827159069939094,7.595937500000001,"[9.171287099789671, 9.139027070800555, 9.083189257722454, 9.208474230410447, 9.303767765167727, 9.163293060009162, 9.125971940500337]",9.163293060009162,9.083189257722454,9.303767765167727
57,4096,3072,s17_coarsened_p2,complete,event,"[0.31276801228523254, 0.3161439895629883, 0.3136640042066574, 0.3160640001296997, 0.3144479990005493, 0.31913599371910095, 0.32209600508213043]",0.3160640001296997,0.31276801228523254,0.32209600508213043,"[0.3186879977583885, 0.3245456114411354, 0.3208784133195877, 0.32950721234083175, 0.3234288111329079, 0.3251967877149582, 0.3318864077329636]",0.3245456114411354,0.3186879977583885,0.3318864077329636,"[7.627000033884444, 7.6319038410355775, 7.488159254031225, 7.6329210830529295, 7.558846109243242, 7.636293589447032, 7.616723247535435]",7.627000033884444,7.488159254031225,7.636293589447032,"[9.507782216835308, 9.56389172946295, 9.498062677471333, 9.603305493263646, 9.700394547947711, 9.58942286208859, 9.599905224488944]",9.58942286208859,9.498062677471333,9.700394547947711
58,4096,3072,s29_p2,complete,wall,"[0.31138299999999997, 0.31057500000000005, 0.3108075, 0.3101915, 0.31404699999999997, 0.3170075, 0.31934399999999996]",0.31138299999999997,0.3101915,0.31934399999999996,"[0.32366785, 0.32333595, 0.3285918, 0.3229574, 0.36730299999999994, 0.33365595, 0.34164880000000003]",0.3285918,0.3229574,0.36730299999999994,"[7.405505678102145, 7.465745192307693, 7.287739167135623, 7.436505082470273, 7.362317141785446, 7.3124077320538845, 7.393591405815892]",7.393591405815892,7.287739167135623,7.465745192307693,"[9.096254966113577, 8.982386626561778, 8.955956085753805, 9.042429454291044, 9.269528771085758, 9.076027828676134, 8.996619337390127]",9.042429454291044,8.955956085753805,9.269528771085758
58,4096,3072,s29_p2,complete,event,"[0.30956800282001495, 0.3088800013065338, 0.30905599892139435, 0.3103040009737015, 0.310479998588562, 0.31563200056552887, 0.3165439963340759]",0.3103040009737015,0.3088800013065338,0.3165439963340759,"[0.31725918799638747, 0.3165503963828087, 0.31473279744386673, 0.31707040071487425, 0.3158623903989792, 0.32313920110464095, 0.325764799118042]",0.31707040071487425,0.31473279744386673,0.325764799118042,"[7.548966247368618, 7.456546846419595, 7.378151484708949, 7.493817550293286, 7.463461484214754, 7.552449958572727, 7.485432845187713]",7.485432845187713,7.378151484708949,7.552449958572727,"[9.410505667149806, 9.344143768083537, 9.35852762585377, 9.428293370676787, 9.577985851803874, 9.484134606558749, 9.434430468683555]",9.428293370676787,9.344143768083537,9.577985851803874
59,4096,3072,s29_p3,complete,wall,"[0.315991, 0.3163275, 0.314808, 0.31559950000000003, 0.31409549999999997, 0.320855, 0.32270350000000003]",0.315991,0.31409549999999997,0.32270350000000003,"[0.32657025, 0.32624000000000003, 0.32703425, 0.395528, 0.32454225, 0.3324856, 0.3354142]",0.32703425,0.32454225,0.395528,"[7.515096022355669, 7.604026442307692, 7.381541924592009, 7.566156022247795, 7.363454144786196, 7.401157962723749, 7.471372013335805]",7.471372013335805,7.363454144786196,7.604026442307692,"[9.230865856508531, 9.148759254974548, 9.071230982019364, 9.200078708022389, 9.270960315234875, 9.186183005038938, 9.091263804372325]",9.186183005038938,9.071230982019364,9.270960315234875
59,4096,3072,s29_p3,complete,event,"[0.3150559961795807, 0.3161119967699051, 0.3136640042066574, 0.3164159953594208, 0.3164159953594208, 0.317903995513916, 0.31987200677394867]",0.3164159953594208,0.3136640042066574,0.31987200677394867,"[0.3205151975154877, 0.3231152012944221, 0.31884801387786865, 0.45897120535373687, 0.4717695936560631, 0.32580641359090806, 0.3267775997519493]",0.32580641359090806,0.31884801387786865,0.4717695936560631,"[7.682793633467148, 7.631131515992313, 7.488159254031225, 7.641421740543088, 7.6061537138950195, 7.606814307317719, 7.56413153776838]",7.606814307317719,7.488159254031225,7.682793633467148,"[9.577334254539377, 9.56292389322607, 9.498062677471333, 9.614000535159576, 9.761105193938956, 9.552403685350878, 9.533620102534313]",9.56292389322607,9.498062677471333,9.761105193938956
60,4096,3072,s29_coarsened_p2,complete,wall,"[0.3148795, 0.315207, 0.318359, 0.31497600000000003, 0.31292, 0.3216475, 0.3237035]",0.315207,0.31292,0.3237035,"[0.32586065000000003, 0.3275912, 0.46859259999999997, 0.33078155, 0.32753515, 0.45989424999999995, 0.37001185]",0.33078155,0.32586065000000003,0.46859259999999997,"[7.488661632677329, 7.577091346153847, 7.46480491465016, 7.551208285385502, 7.335896474118529, 7.419438549547886, 7.494524448972032]",7.488661632677329,7.335896474118529,7.577091346153847,"[9.198396237438654, 9.116352383155945, 9.17355348086676, 9.181902985074627, 9.236263817352675, 9.208872537792029, 9.119435992787919]",9.181902985074627,9.116352383155945,9.236263817352675
60,4096,3072,s29_coarsened_p2,complete,event,"[0.3139519989490509, 0.3150400072336197, 0.3150240033864975, 0.3131679892539978, 0.3123839944601059, 0.3182239979505539, 0.3213759958744049]",0.3150240033864975,0.3123839944601059,0.3213759958744049,"[0.3198400065302849, 0.32141760289669036, 0.31939199566841125, 0.31912480741739274, 0.31738078892230986, 0.4381152048707008, 0.3309007868170738]",0.3198400065302849,0.31738078892230986,0.4381152048707008,"[7.655872124284873, 7.605253051338167, 7.520626768018851, 7.562982645075733, 7.5092306156176525, 7.614471333173775, 7.599696923754971]",7.599696923754971,7.5092306156176525,7.655872124284873,"[9.543774028353925, 9.530494392117026, 9.539244825496581, 9.515312943844012, 9.636722149157787, 9.562019143156368, 9.578445721589608]",9.543774028353925,9.515312943844012,9.636722149157787
61,4096,3072,s43_p2,complete,wall,"[0.31353549999999997, 0.313839, 0.31297600000000003, 0.313391, 0.3109435, 0.319967, 0.3211355]",0.31353549999999997,0.3109435,0.3211355,"[0.32435420000000004, 0.32518459999999993, 0.32514635, 0.32799419999999996, 0.32677985000000004, 0.33449179999999995, 0.337987]",0.32677985000000004,0.32435420000000004,0.337987,"[7.456697782270051, 7.544206730769231, 7.338585631213657, 7.513209627924818, 7.2895606714178545, 7.380674478686104, 7.435068994258198]",7.435068994258198,7.2895606714178545,7.544206730769231,"[9.159134727740126, 9.07678736695974, 9.018441678192717, 9.135698460820894, 9.177924703729394, 9.160759276225377, 9.047089812936669]",9.135698460820894,9.018441678192717,9.177924703729394
61,4096,3072,s43_p2,complete,event,"[0.31308799982070923, 0.31118398904800415, 0.3133759945631027, 0.3118560016155243, 0.310495987534523, 0.3171359896659851, 0.3179199993610382]",0.31308799982070923,0.310495987534523,0.3179199993610382,"[0.3217823922634125, 0.3175167888402939, 0.3191583946347237, 0.31770080476999285, 0.31674079000949856, 0.32502719312906264, 0.32574559897184374]",0.3191583946347237,0.31674079000949856,0.32574559897184374,"[7.634803085501173, 7.512166480112877, 7.481283546112208, 7.531298245389911, 7.463845833876232, 7.588437445263184, 7.517971697203187]",7.517971697203187,7.463845833876232,7.634803085501173,"[9.517509464123755, 9.413843303842201, 9.489341454731358, 9.47544944122911, 9.578479094199185, 9.529326586617701, 9.475441528861342]",9.489341454731358,9.413843303842201,9.578479094199185
62,4096,3072,s43_p3,complete,wall,"[0.31581499999999996, 0.316152, 0.316975, 0.31497549999999996, 0.31314299999999995, 0.31988799999999995, 0.323311]",0.316152,0.31314299999999995,0.323311,"[0.325431, 0.32838635, 0.32941505, 0.32804955, 0.33012220000000003, 0.3311102, 0.3424862]",0.32941505,0.325431,0.3424862,"[7.510910280040429, 7.599807692307692, 7.432353217032452, 7.55119629842731, 7.3411243435858955, 7.378852186750321, 7.485437117984813]",7.485437117984813,7.3411243435858955,7.599807692307692,"[9.225724468333722, 9.143683479870429, 9.133673351775013, 9.181888409514924, 9.242845968801191, 9.158497480531377, 9.108378408834799]",9.158497480531377,9.108378408834799,9.242845968801191
62,4096,3072,s43_p3,complete,event,"[0.31436800956726074, 0.31520000100135803, 0.3144479990005493, 0.31275200843811035, 0.31334400177001953, 0.3186880052089691, 0.3211039900779724]",0.3144479990005493,0.31275200843811035,0.3211039900779724,"[0.3196304112672806, 0.3207104131579399, 0.32110078632831573, 0.3193679884076118, 0.31978239864110947, 0.32507040798664094, 0.3297376066446304]",0.3207104131579399,0.3193679884076118,0.3297376066446304,"[7.666016745456328, 7.609115396000268, 7.506875707919017, 7.5529367406436245, 7.53230771435083, 7.62557410980389, 7.593264702179843]",7.593264702179843,7.506875707919017,7.666016745456328,"[9.556420265189113, 9.535334474872208, 9.521802831238835, 9.502673760473982, 9.666337378717763, 9.57596166891214, 9.570338729186528]",9.556420265189113,9.502673760473982,9.666337378717763
63,4096,3072,s43_coarsened_p2,complete,wall,"[0.3139435, 0.3156235, 0.3148795, 0.3163995, 0.312831, 0.321207, 0.3230475]",0.3156235,0.312831,0.3230475,"[0.32474379999999997, 0.3280542, 0.3268056, 0.32940780000000003, 0.32650865, 0.3398894, 0.33777585]",0.3280542,0.32474379999999997,0.3398894,"[7.466401094000831, 7.587103365384616, 7.383218439317201, 7.585335155350978, 7.333810015003752, 7.409277541981916, 7.4793364511946665]",7.466401094000831,7.333810015003752,7.587103365384616,"[9.17105340032718, 9.128398310967144, 9.073291263254957, 9.223399603544776, 9.233636860048113, 9.196260879523592, 9.100955037187289]",9.17105340032718,9.073291263254957,9.233636860048113
63,4096,3072,s43_coarsened_p2,complete,event,"[0.31304000318050385, 0.31486400961875916, 0.31415998935699463, 0.3138879984617233, 0.31275199353694916, 0.3193119913339615, 0.3211999982595444]",0.31415998935699463,0.31275199353694916,0.3211999982595444,"[0.3185071900486946, 0.32061279118061065, 0.32021280825138093, 0.31870399713516234, 0.31984961330890654, 0.3248751997947693, 0.32879038602113725]",0.32021280825138093,0.3185071900486946,0.32879038602113725,"[7.63363266409587, 7.601004364292988, 7.5, 7.580370811584368, 7.518076747248457, 7.640504864529028, 7.5955350431247615]",7.5955350431247615,7.5,7.640504864529028,"[9.516050422328277, 9.525170165850708, 9.51308160849886, 9.537189742140919, 9.648074538901104, 9.5947112519438, 9.573200203496434]",9.537189742140919,9.51308160849886,9.648074538901104
64,4096,3072,recency_view,complete,wall,"[0.034232, 0.034576, 0.034704, 0.034304, 0.0338795, 0.034928, 0.035496]",0.034576,0.0338795,0.035496,"[0.038661600000000004, 0.03652079999999999, 0.0384464, 0.04031265, 0.0395376, 0.03901599999999999, 0.038759999999999996]",0.038759999999999996,0.03652079999999999,0.04031265,"[0.8141268803139307, 0.8311538461538462, 0.8137310073157006, 0.8224012274645186, 0.7942493435858965, 0.805683705480716, 0.8218188553435822]",0.8141268803139307,0.7942493435858965,0.8311538461538462,"[1.0, 1.0, 1.0, 1.0, 1.0, 1.0, 1.0]",1.0,1.0,1.0
64,4096,3072,recency_view,complete,event,"[0.032896000891923904, 0.033055998384952545, 0.03302399814128876, 0.0329120010137558, 0.032416000962257385, 0.03328000009059906, 0.03355199843645096]",0.03302399814128876,0.032416000962257385,0.03355199843645096,"[0.03493920098990202, 0.03619679994881153, 0.035497598350048065, 0.03593920152634382, 0.0344480013474822, 0.0349312013015151, 0.03537440095096826]",0.03537440095096826,0.0344480013474822,0.03619679994881153,"[0.8021849743654638, 0.7979914512754672, 0.7883880648411131, 0.79482227118643, 0.7792307902406349, 0.7963246275890932, 0.793416504582306]",0.79482227118643,0.7792307902406349,0.8021849743654638,"[1.0, 1.0, 1.0, 1.0, 1.0, 1.0, 1.0]",1.0,1.0,1.0
65,4096,4096,native_full,complete,wall,"[0.043456, 0.043552, 0.04348, 0.043536, 0.043456, 0.04364, 0.04424]",0.043536,0.043456,0.04424,"[0.04486, 0.0451288, 0.044443949999999996, 0.044590399999999995, 0.04484075, 0.047864, 0.0452448]",0.04486,0.044443949999999996,0.047864,"[1.0, 1.0, 1.0, 1.0, 1.0, 1.0, 1.0]",1.0,1.0,1.0,"[1.2513245795899561, 1.2598935431613052, 1.2598516458043578, 1.2653239166448687, 1.2659238220085938, 1.2471422039323272, 1.2559618441971385]",1.2598516458043578,1.2471422039323272,1.2659238220085938
65,4096,4096,native_full,complete,event,"[0.04185599833726883, 0.041840000078082085, 0.04198399931192398, 0.04188799858093262, 0.04206399992108345, 0.04262400045990944, 0.04259200021624565]",0.04198399931192398,0.041840000078082085,0.04262400045990944,"[0.04305919986218214, 0.04320160113275051, 0.043305601738393304, 0.04299519937485456, 0.04331360179930925, 0.04364960081875324, 0.044076800160109994]",0.043305601738393304,0.04299519937485456,0.044076800160109994,"[1.0, 1.0, 1.0, 1.0, 1.0, 1.0, 1.0]",1.0,1.0,1.0,"[1.2601155719289683, 1.270033950980953, 1.2725508379813832, 1.2733462258391501, 1.273740379378604, 1.2758620420495697, 1.264608104541735]",1.2725508379813832,1.2601155719289683,1.2758620420495697
66,4096,4096,recency,complete,wall,"[0.046584, 0.046343999999999996, 0.046048, 0.046264, 0.045752, 0.046992, 0.0472955]",0.046343999999999996,0.045752,0.0472955,"[0.0525, 0.050255999999999995, 0.052628, 0.07391679999999999, 0.05022715, 0.04985039999999999, 0.050778399999999994]",0.050778399999999994,0.04985039999999999,0.07391679999999999,"[1.071980854197349, 1.0641072740631887, 1.0590616375344986, 1.0626607864755604, 1.0528350515463918, 1.0768102658111824, 1.0690664556962024]",1.0641072740631887,1.0528350515463918,1.0768102658111824,"[1.34139599170698, 1.340661883823189, 1.3342605470560964, 1.3446101084081727, 1.332808972398223, 1.3429355281207132, 1.3427066772655007]",1.34139599170698,1.332808972398223,1.3446101084081727
66,4096,4096,recency,complete,event,"[0.04363200068473816, 0.04391999915242195, 0.04411200061440468, 0.04364800080657005, 0.04334399849176407, 0.04540799930691719, 0.045791998505592346]",0.04391999915242195,0.04334399849176407,0.045791998505592346,"[0.046619200892746446, 0.045983999781310556, 0.08263519927859303, 0.04820320159196853, 0.047048000060021876, 0.04957280103117227, 0.049275198765099046]",0.04820320159196853,0.045983999781310556,0.08263519927859303,"[1.0424312504305497, 1.0497131709000516, 1.050686007463713, 1.0420168612791776, 1.0304297873022545, 1.0653152875602627, 1.0751314395449814]",1.0497131709000516,1.0304297873022545,1.0751314395449814,"[1.3135838513329219, 1.333171365834937, 1.3370513592532618, 1.326848237570598, 1.3125000282013877, 1.3591953382132613, 1.359619931896206]",1.333171365834937,1.3125000282013877,1.359619931896206
67,4096,4096,uniform,complete,wall,"[0.070936, 0.0708, 0.070144, 0.07043949999999999, 0.070272, 0.07172, 0.072184]",0.0708,0.070144,0.072184,"[0.0766848, 0.07598719999999999, 0.07455439999999999, 0.07661359999999999, 0.0784104, 0.07901915, 0.0790704]",0.0766848,0.07455439999999999,0.0790704,"[1.6323637702503682, 1.6256429096252756, 1.613247470101196, 1.6179598493201026, 1.6170839469808542, 1.6434463794683778, 1.631645569620253]",1.6256429096252756,1.613247470101196,1.6434463794683778,"[2.042616908546418, 2.048137005322842, 2.0324524802967083, 2.0472432935158538, 2.0471050906707453, 2.0496113397347964, 2.0492845786963434]",2.0472432935158538,2.0324524802967083,2.0496113397347964
67,4096,4096,uniform,complete,event,"[0.06747199967503548, 0.06729599833488464, 0.06700800359249115, 0.0666080005466938, 0.06697600334882736, 0.06835199892520905, 0.0698080025613308]",0.06729599833488464,0.0666080005466938,0.0698080025613308,"[0.07412639819085598, 0.07233279906213283, 0.071044797077775, 0.07155680097639561, 0.07344960048794746, 0.07433759979903698, 0.07395039685070515]",0.07344960048794746,0.071044797077775,0.07433759979903698,"[1.6120031143769902, 1.6084129591132028, 1.5960366970914093, 1.5901452158903986, 1.5922404781875592, 1.603603561085225, 1.6389932899818187]",1.603603561085225,1.5901452158903986,1.6389932899818187,"[2.031310226424439, 2.0427390652715074, 2.031037836332712, 2.0248054091902192, 2.028100990748591, 2.0459769140841573, 2.0726841978005304]",2.031310226424439,2.0248054091902192,2.0726841978005304
68,4096,4096,s17_p2,complete,wall,"[0.3240875, 0.3256075, 0.324311, 0.32414350000000003, 0.324736, 0.3292155, 0.331991]",0.324736,0.3240875,0.331991,"[0.341191, 0.33850065, 0.33570065, 0.33708395, 0.33606315, 0.34849745, 0.34988955]",0.33850065,0.33570065,0.34988955,"[7.457830909425625, 7.476292707567964, 7.458854645814168, 7.445412991547226, 7.472754050073638, 7.543893217231897, 7.504317359855333]",7.472754050073638,7.445412991547226,7.543893217231897,"[9.33216712739, 9.419332909048832, 9.39705030134446, 9.420859127503125, 9.45993736799942, 9.408307613168724, 9.425136270724506]",9.419332909048832,9.33216712739,9.45993736799942
68,4096,4096,s17_p2,complete,event,"[0.320607990026474, 0.3243519961833954, 0.3241119980812073, 0.3242399990558624, 0.3232160061597824, 0.3279680013656616, 0.3299199938774109]",0.3242399990558624,0.320607990026474,0.3299199938774109,"[0.3297776073217392, 0.3321359887719154, 0.3317152068018913, 0.33076959997415545, 0.3310816019773483, 0.33515039682388303, 0.3391103968024254]",0.3317152068018913,0.3297776073217392,0.3391103968024254,"[7.659785998725128, 7.752198747086222, 7.719893373501352, 7.740641950925204, 7.683910392881564, 7.694444393461759, 7.746055414217696]",7.719893373501352,7.659785998725128,7.752198747086222,"[9.652215614637017, 9.84555560355151, 9.823956781576074, 9.856517213782803, 9.78730693894016, 9.817049536278983, 9.795724455049085]",9.817049536278983,9.652215614637017,9.856517213782803
69,4096,4096,s17_p3,complete,wall,"[0.324847, 0.322943, 0.326584, 0.3231675, 0.321295, 0.3276395, 0.3307115]",0.324847,0.321295,0.3307115,"[0.336708, 0.3356784, 0.48019819999999996, 0.334483, 0.33176075, 0.34247194999999997, 0.34979665]",0.336708,0.33176075,0.48019819999999996,"[7.475308357879234, 7.415112968405584, 7.51113155473781, 7.422994762954796, 7.393570508100147, 7.5077795600366635, 7.475395569620253]",7.475308357879234,7.393570508100147,7.51113155473781,"[9.354037088228518, 9.342252950705854, 9.462911451089475, 9.392492806696312, 9.359697035904158, 9.363268747142202, 9.38881160572337]",9.363268747142202,9.342252950705854,9.462911451089475
69,4096,4096,s17_p3,complete,event,"[0.32332800328731537, 0.321696013212204, 0.32335999608039856, 0.32105599343776703, 0.321696013212204, 0.3267040103673935, 0.32977600395679474]",0.32332800328731537,0.32105599343776703,0.32977600395679474,"[0.32867359220981596, 0.32904160767793655, 0.32880799323320387, 0.32815840989351275, 0.32764801383018494, 0.3315087899565697, 0.46743678748607626]",0.32880799323320387,0.32764801383018494,0.46743678748607626,"[7.724771027607343, 7.688719230684817, 7.701981740185487, 7.664629591157202, 7.647775147768638, 7.6647899503163535, 7.742674734280499]",7.688719230684817,7.647775147768638,7.742674734280499,"[9.734104261473751, 9.764934462529872, 9.801163317590355, 9.759727162355091, 9.741280018121083, 9.779214557891644, 9.791449219801644]",9.764934462529872,9.734104261473751,9.801163317590355
70,4096,4096,s17_coarsened_p2,complete,wall,"[0.3248715, 0.326056, 0.32407949999999996, 0.32408000000000003, 0.3243835, 0.331351, 0.332592]",0.3248715,0.32407949999999996,0.332592,"[0.3386558, 0.33761835, 0.33607594999999996, 0.337835, 0.36445435, 0.346308, 0.34843264999999995]",0.3386558,0.33607594999999996,0.36445435,"[7.475872146539027, 7.486590742101396, 7.453530358785648, 7.443954428518928, 7.464642396907216, 7.592827681026582, 7.517902350813743]",7.475872146539027,7.443954428518928,7.592827681026582,"[9.354742570836212, 9.432307336264753, 9.390342489568845, 9.419013572819486, 9.449668633020174, 9.469335848193872, 9.44219850102203]",9.432307336264753,9.354742570836212,9.469335848193872
70,4096,4096,s17_coarsened_p2,complete,event,"[0.3238240033388138, 0.32550400495529175, 0.3238240033388138, 0.3235040009021759, 0.32287999987602234, 0.3310239911079407, 0.3309440016746521]",0.3238240033388138,0.32287999987602234,0.3310239911079407,"[0.3321135878562927, 0.47067361325025553, 0.3318336009979248, 0.3309712022542953, 0.32977759242057797, 0.33766240030527117, 0.3402991980314255]",0.3321135878562927,0.32977759242057797,0.47067361325025553,"[7.736621182213661, 7.779732417491253, 7.7130337425201825, 7.723071329777849, 7.675922415409368, 7.766140848728866, 7.7700976707926905]",7.736621182213661,7.675922415409368,7.779732417491253,"[9.749036825822937, 9.880524299761017, 9.815227552422742, 9.83414372965917, 9.777132329484257, 9.90852432210379, 9.826128487565295]",9.826128487565295,9.749036825822937,9.90852432210379
71,4096,4096,s29_p2,complete,wall,"[0.323135, 0.3262315, 0.32615150000000004, 0.325367, 0.32263149999999996, 0.32928749999999996, 0.3315515]",0.32615150000000004,0.32263149999999996,0.3315515,"[0.33164235, 0.33714235000000004, 0.338303, 0.33478545000000004, 0.3357014, 0.34557340000000003, 0.3483542]",0.33714235000000004,0.33164235,0.3483542,"[7.435912187039764, 7.490620407788391, 7.501184452621897, 7.473516170525543, 7.42432575478645, 7.545543079743354, 7.494382911392405]",7.490620407788391,7.42432575478645,7.545543079743354,"[9.304739691315365, 9.437384286044896, 9.450379578117756, 9.45641875199814, 9.3986308353361, 9.410365226337447, 9.412658982511925]",9.412658982511925,9.304739691315365,9.45641875199814
71,4096,4096,s29_p2,complete,event,"[0.3222080022096634, 0.323183998465538, 0.3232960104942322, 0.3253439962863922, 0.3224319964647293, 0.3288799971342087, 0.33056001365184784]",0.3232960104942322,0.3222080022096634,0.33056001365184784,"[0.3275680124759674, 0.3277007922530174, 0.33083840012550353, 0.3326783999800682, 0.3276336058974266, 0.3371327966451645, 0.33881440162658694]",0.33083840012550353,0.3275680124759674,0.33881440162658694,"[7.698012591011776, 7.724282931701958, 7.7004576932339095, 7.766997882646237, 7.665271896863021, 7.715840690353339, 7.761082174435283]",7.715840690353339,7.665271896863021,7.766997882646237,"[9.700385538839202, 9.810101570244177, 9.799223890365, 9.890077439968255, 9.763566333950456, 9.844348259323374, 9.814727417805251]",9.810101570244177,9.700385538839202,9.890077439968255
72,4096,4096,s29_p3,complete,wall,"[0.3231995, 0.3229355, 0.32440749999999996, 0.32408, 0.3238795, 0.328175, 0.3321995]",0.32408,0.3229355,0.3321995,"[0.33574384999999995, 0.33626714999999996, 0.33582235000000005, 0.33504059999999997, 0.33540464999999997, 0.40417264999999997, 0.3493286]",0.33582235000000005,0.33504059999999997,0.40417264999999997,"[7.437396446980853, 7.414940760470242, 7.461074057037718, 7.443954428518927, 7.453044458762886, 7.520050412465628, 7.509030289330922]",7.453044458762886,7.414940760470242,7.520050412465628,"[9.30659698226215, 9.342035987040036, 9.399846430227166, 9.419013572819484, 9.434986526837084, 9.37857224508459, 9.431055530320236]",9.399846430227166,9.30659698226215,9.434986526837084
72,4096,4096,s29_p3,complete,event,"[0.32152000069618225, 0.3222239911556244, 0.32419200241565704, 0.3243519961833954, 0.32284799218177795, 0.3264960050582886, 0.33183999359607697]",0.32419200241565704,0.32152000069618225,0.33183999359607697,"[0.32984320670366285, 0.327747206389904, 0.32958399802446364, 0.32995679378509524, 0.3289087861776352, 0.3351535961031914, 0.33898238837718964]",0.32984320670366285,0.327747206389904,0.33898238837718964,"[7.68157524533106, 7.701338206364432, 7.721798964577975, 7.743315679232288, 7.675161486959757, 7.659909945932425, 7.791134295437595]",7.701338206364432,7.659909945932425,7.791134295437595,"[9.679672583585754, 9.780960990069588, 9.82638174309748, 9.85992179563155, 9.77616310419217, 9.772988345533154, 9.852731573583444]",9.780960990069588,9.679672583585754,9.85992179563155
73,4096,4096,s29_coarsened_p2,complete,wall,"[0.327664, 0.3270475, 0.3282155, 0.32724, 0.3284955, 0.33310300000000004, 0.3365915]",0.3282155,0.3270475,0.3365915,"[0.46833179999999996, 0.3419078, 0.34055355000000004, 0.34046385, 0.34204475, 0.3962, 0.3535494]",0.34204475,0.34046385,0.46833179999999996,"[7.5401325478645065, 7.5093566311535636, 7.548654553817848, 7.516538037486218, 7.559266844624448, 7.632974335472045, 7.608306962025316]",7.548654553817848,7.5093566311535636,7.632974335472045,"[9.4351531905091, 9.460989932885905, 9.510184863235976, 9.510855349202197, 9.569455975529824, 9.519404435299498, 9.555743243243244]",9.510855349202197,9.4351531905091,9.569455975529824
73,4096,4096,s29_coarsened_p2,complete,event,"[0.32553599774837494, 0.326432004570961, 0.32716798782348633, 0.3269280046224594, 0.32572801411151886, 0.33219200372695923, 0.33662399649620056]",0.3269280046224594,0.32553599774837494,0.33662399649620056,"[0.33292959481477735, 0.3332959905266762, 0.331777586042881, 0.33430560529232023, 0.33197440207004547, 0.3378575876355171, 0.34409919679164885]",0.3332959905266762,0.331777586042881,0.34409919679164885,"[7.777523190947658, 7.801912140577711, 7.792682764516113, 7.804813208986231, 7.7436291061862725, 7.7935435468898975, 7.9034559256929136]",7.7935435468898975,7.7436291061862725,7.9034559256929136,"[9.800578083951823, 9.908693301104176, 9.916584982108061, 9.938229443042163, 9.8633730754809, 9.943486384537191, 9.99477441751966]",9.916584982108061,9.800578083951823,9.99477441751966
74,4096,4096,s43_p2,complete,wall,"[0.32308749999999997, 0.3229915, 0.322855, 0.324512, 0.323207, 0.328544, 0.331407]",0.323207,0.322855,0.331407,"[0.3371576, 0.33589035, 0.33626314999999996, 0.33309099999999997, 0.3348624, 0.34757024999999997, 0.34850545]",0.33626314999999996,0.33309099999999997,0.34850545,"[7.434819127393224, 7.416226579720793, 7.425367985280589, 7.453877251010659, 7.4375690353460975, 7.528505957836847, 7.491116636528028]",7.4375690353460975,7.416226579720793,7.528505957836847,"[9.303371918912692, 9.343655982411478, 9.354862076958739, 9.431569157438894, 9.415395819678102, 9.389117512574302, 9.408556665909607]",9.389117512574302,9.303371918912692,9.431569157438894
74,4096,4096,s43_p2,complete,event,"[0.3213600069284439, 0.321615993976593, 0.3224639892578125, 0.3239839971065521, 0.32076799869537354, 0.32678399980068207, 0.3304000049829483]",0.3224639892578125,0.32076799869537354,0.3304000049829483,"[0.3279232010245323, 0.3277311995625496, 0.32684960067272184, 0.32878078520298004, 0.3276847928762436, 0.33537601232528685, 0.3373264119029045]",0.3279232010245323,0.32684960067272184,0.3373264119029045,"[7.677752764107481, 7.686806725057149, 7.680640113916653, 7.734530368658611, 7.625713182226334, 7.666666579267777, 7.7573253969163325]",7.680640113916653,7.625713182226334,7.7573253969163325,"[9.674855815472515, 9.762505515451291, 9.774005013198064, 9.848735053569731, 9.71317880176139, 9.781608877537776, 9.809976566507826]",9.774005013198064,9.674855815472515,9.848735053569731
75,4096,4096,s43_p3,complete,wall,"[0.32163949999999997, 0.32222300000000004, 0.3265115, 0.32347950000000003, 0.322304, 0.3264315, 0.330495]",0.32347950000000003,0.32163949999999997,0.330495,"[0.3338504, 0.3351102, 0.47782394999999994, 0.33666315, 0.33240625, 0.34290075, 0.35121515]",0.33666315,0.33240625,0.47782394999999994,"[7.4014980670103085, 7.398581006612785, 7.509464121435143, 7.4301612458654915, 7.416789396170839, 7.480098533455545, 7.4705018083182635]",7.4301612458654915,7.398581006612785,7.509464121435143,"[9.261676457037547, 9.321424438787318, 9.46081073249884, 9.40156072892144, 9.3890903794334, 9.328746570644718, 9.382665228253463]",9.382665228253463,9.261676457037547,9.46081073249884
75,4096,4096,s43_p3,complete,event,"[0.3203679919242859, 0.3208319991827011, 0.3226560056209564, 0.3227039873600006, 0.320607990026474, 0.32731199264526367, 0.3296319991350174]",0.3226560056209564,0.3203679919242859,0.3296319991350174,"[0.3257664069533348, 0.3264480113983154, 0.3299647942185402, 0.3292863890528679, 0.32684960067272184, 0.33651839196681976, 0.33680480867624285]",0.3292863890528679,0.3257664069533348,0.33680480867624285,"[7.654052098884674, 7.6680687998078945, 7.6852136744704564, 7.703972457325645, 7.621909248477767, 7.679053798648516, 7.739293704485086]",7.679053798648516,7.621909248477767,7.739293704485086,"[9.64499023816018, 9.738707714213795, 9.779825101513365, 9.809824252504374, 9.70833357774536, 9.7974132605522, 9.787173542120668]",9.779825101513365,9.64499023816018,9.809824252504374
76,4096,4096,s43_coarsened_p2,complete,wall,"[0.32397549999999997, 0.32599900000000004, 0.3248075, 0.3248315, 0.3283195, 0.3291675, 0.333567]",0.32599900000000004,0.32397549999999997,0.333567,"[0.336943, 0.33502785, 0.34051905, 0.34240955, 0.340603, 0.34966954999999994, 0.3472494]",0.340603,0.33502785,0.34966954999999994,"[7.455253589837996, 7.485281961792801, 7.470273689052439, 7.461216005145167, 7.555216770986744, 7.542793308890926, 7.539941229656419]",7.485281961792801,7.455253589837996,7.555216770986744,"[9.328942064040543, 9.430658412404537, 9.411436601761707, 9.440855058563665, 9.564328890830966, 9.406935871056241, 9.469878491937315]",9.430658412404537,9.328942064040543,9.564328890830966
76,4096,4096,s43_coarsened_p2,complete,event,"[0.3224959969520569, 0.3232159912586212, 0.32447999715805054, 0.3242399990558624, 0.3240800052881241, 0.32713599503040314, 0.3326079994440079]",0.3242399990558624,0.3224959969520569,0.3326079994440079,"[0.32775200605392457, 0.3297504127025604, 0.33141598999500277, 0.33240161240100863, 0.3342767968773842, 0.3361648038029671, 0.3409952029585838]",0.33240161240100863,0.32775200605392457,0.3409952029585838,"[7.704893199618286, 7.725047577806725, 7.728658595559146, 7.740641950925204, 7.704450501524646, 7.6749247255216035, 7.809165987868841]",7.725047577806725,7.6749247255216035,7.809165987868841,"[9.709055900888615, 9.811072696757718, 9.835110972250812, 9.856517213782803, 9.813469704715677, 9.792145132880727, 9.875534597970601]",9.813469704715677,9.709055900888615,9.875534597970601
77,4096,4096,recency_view,complete,wall,"[0.034728, 0.034568, 0.034512, 0.034407, 0.0343275, 0.034992, 0.035224]",0.034568,0.0343275,0.035224,"[0.03685359999999999, 0.038012, 0.036806399999999996, 0.0409672, 0.03923275, 0.0388848, 0.0384712]",0.0384712,0.036806399999999996,0.0409672,"[0.7991531664212077, 0.7937178545187362, 0.7937442502299908, 0.7903114663726571, 0.7899369477172311, 0.801833180568286, 0.7962025316455695]",0.7937442502299908,0.7899369477172311,0.801833180568286,"[1.0, 1.0, 1.0, 1.0, 1.0, 1.0, 1.0]",1.0,1.0,1.0
77,4096,4096,recency_view,complete,event,"[0.033215999603271484, 0.032944001257419586, 0.03299200162291527, 0.032896000891923904, 0.03302399814128876, 0.03340800106525421, 0.03367999941110611]",0.03302399814128876,0.032896000891923904,0.03367999941110611,"[0.03621599953621625, 0.034361600689589974, 0.035108798928558824, 0.0364224012941122, 0.03629440031945705, 0.03509119898080826, 0.03673600032925606]",0.03621599953621625,0.034361600689589974,0.03673600032925606,"[0.7935780036978777, 0.7873805257155658, 0.7858232222661343, 0.7853323626423664, 0.7850893448850632, 0.7837838003187088, 0.7907588101077188]",0.7858232222661343,0.7837838003187088,0.7935780036978777,"[1.0, 1.0, 1.0, 1.0, 1.0, 1.0, 1.0]",1.0,1.0,1.0
